seq	ts	stage	label	rss_kb	pss_kb	private_clean_kb	private_dirty_kb	shared_clean_kb	shared_dirty_kb	anonymous_kb	file_kb	swap_kb	smaps_file	extra
0	1781901160.896780662	A	model_mmap_done	232100	228144	8304	219516	4280	0	219516	0	0	000_A_model_mmap_done.smaps_rollup	
1	1781901161.270402043	B	vm_index_done	670332	666377	8304	657748	4280	0	657748	0	0	001_B_vm_index_done.smaps_rollup	regions=291
2	1781901161.586115150	C	subgraph_split_done	1171876	1167919	49108	1118488	4280	0	1118488	0	0	002_C_subgraph_split_done.smaps_rollup	mode=prefill subgraphs=33 group_layers=1
3	1781901161.608615178	D	before_first_graph_compute	1348436	1344480	225248	1118908	4280	0	1118908	0	0	003_D_before_first_graph_compute.smaps_rollup	mode=prefill subgraphs=33
4	1781901161.648343688	E	prefill_layer_done	1634068	1630112	510880	1118908	4280	0	1118908	0	0	004_E_prefill_layer_done.smaps_rollup	layer=0 subgraph=1
5	1781901161.719726375	F	prefill_layer_done	2089828	2085872	966640	1118908	4280	0	1118908	0	0	005_F_prefill_layer_done.smaps_rollup	layer=4 subgraph=5
6	1781901161.818873361	F	prefill_layer_done	2753588	2749633	1630400	1118908	4280	0	1118908	0	0	006_F_prefill_layer_done.smaps_rollup	layer=8 subgraph=9
7	1781901161.921627961	F	prefill_layer_done	3256276	3252321	2133088	1118908	4280	0	1118908	0	0	007_F_prefill_layer_done.smaps_rollup	layer=12 subgraph=13
8	1781901162.007013008	F	prefill_layer_done	3601572	3597617	2478384	1118908	4280	0	1118908	0	0	008_F_prefill_layer_done.smaps_rollup	layer=16 subgraph=17
9	1781901162.094466422	F	prefill_layer_done	4042292	4038335	2919104	1118908	4280	0	1118908	0	0	009_F_prefill_layer_done.smaps_rollup	layer=20 subgraph=21
10	1781901162.192601981	F	prefill_layer_done	4740404	4736449	3617216	1118908	4280	0	1118908	0	0	010_F_prefill_layer_done.smaps_rollup	layer=24 subgraph=25
11	1781901162.295063412	F	prefill_layer_done	5219476	5215516	4096288	1118908	4280	0	1118908	0	0	011_F_prefill_layer_done.smaps_rollup	layer=28 subgraph=29
12	1781901162.410259021	G	prefill_done	5640916	5636961	4517128	1119508	4280	0	1119508	0	0	012_G_prefill_done.smaps_rollup	subgraphs=33
13	1781901162.528318462	C	subgraph_split_done	5642764	5638808	4518216	1120268	4280	0	1120268	0	0	013_C_subgraph_split_done.smaps_rollup	mode=prefill subgraphs=33 group_layers=1
14	1781901162.586761706	D	before_first_graph_compute	5643600	5639645	4518216	1121104	4280	0	1121104	0	0	014_D_before_first_graph_compute.smaps_rollup	mode=prefill subgraphs=33
15	1781901162.651212745	E	prefill_layer_done	5644768	5640810	4518216	1122272	4280	0	1122272	0	0	015_E_prefill_layer_done.smaps_rollup	layer=0 subgraph=1
16	1781901162.964724761	F	prefill_layer_done	5644768	5640814	4518216	1122272	4280	0	1122272	0	0	016_F_prefill_layer_done.smaps_rollup	layer=4 subgraph=5
17	1781901163.295977551	F	prefill_layer_done	5644768	5640812	4518216	1122272	4280	0	1122272	0	0	017_F_prefill_layer_done.smaps_rollup	layer=8 subgraph=9
18	1781901163.569118671	F	prefill_layer_done	5644768	5640810	4518216	1122272	4280	0	1122272	0	0	018_F_prefill_layer_done.smaps_rollup	layer=12 subgraph=13
19	1781901163.876957261	F	prefill_layer_done	5644768	5640811	4518216	1122272	4280	0	1122272	0	0	019_F_prefill_layer_done.smaps_rollup	layer=16 subgraph=17
20	1781901164.167173096	F	prefill_layer_done	5644768	5640813	4518216	1122272	4280	0	1122272	0	0	020_F_prefill_layer_done.smaps_rollup	layer=20 subgraph=21
21	1781901164.451962180	F	prefill_layer_done	5644768	5640814	4518216	1122272	4280	0	1122272	0	0	021_F_prefill_layer_done.smaps_rollup	layer=24 subgraph=25
22	1781901164.759780720	F	prefill_layer_done	5644768	5640814	4518216	1122272	4280	0	1122272	0	0	022_F_prefill_layer_done.smaps_rollup	layer=28 subgraph=29
23	1781901164.996886480	G	prefill_done	5646452	5642497	4518280	1123892	4280	0	1123892	0	0	023_G_prefill_done.smaps_rollup	subgraphs=33
24	1781901165.054117713	C	subgraph_split_done	5646452	5642494	4518280	1123892	4280	0	1123892	0	0	024_C_subgraph_split_done.smaps_rollup	mode=decode subgraphs=33 group_layers=1
25	1781901165.160181033	H	before_first_decode_token	5646452	5642497	4518280	1123892	4280	0	1123892	0	0	025_H_before_first_decode_token.smaps_rollup	subgraphs=33
26	1781901165.215016543	I	decode_layer_done	5646452	5642498	4518280	1123892	4280	0	1123892	0	0	026_I_decode_layer_done.smaps_rollup	layer=0 subgraph=1
27	1781901165.300967348	I	decode_layer_done	5646452	5642496	4518280	1123892	4280	0	1123892	0	0	027_I_decode_layer_done.smaps_rollup	layer=4 subgraph=5
28	1781901165.371955102	I	decode_layer_done	5646452	5642498	4518280	1123892	4280	0	1123892	0	0	028_I_decode_layer_done.smaps_rollup	layer=8 subgraph=9
29	1781901165.450718457	I	decode_layer_done	5646456	5642502	4518280	1123896	4280	0	1123896	0	0	029_I_decode_layer_done.smaps_rollup	layer=12 subgraph=13
30	1781901165.575916172	I	decode_layer_done	5646456	5642499	4518280	1123896	4280	0	1123896	0	0	030_I_decode_layer_done.smaps_rollup	layer=16 subgraph=17
31	1781901165.664956496	I	decode_layer_done	5646456	5642499	4518280	1123896	4280	0	1123896	0	0	031_I_decode_layer_done.smaps_rollup	layer=20 subgraph=21
32	1781901165.736583242	I	decode_layer_done	5646456	5642502	4518280	1123896	4280	0	1123896	0	0	032_I_decode_layer_done.smaps_rollup	layer=24 subgraph=25
33	1781901165.805873552	I	decode_layer_done	5646456	5642500	4518280	1123896	4280	0	1123896	0	0	033_I_decode_layer_done.smaps_rollup	layer=28 subgraph=29
34	1781901165.898039151	J	decode_token_done	5646456	5642498	4518280	1123896	4280	0	1123896	0	0	034_J_decode_token_done.smaps_rollup	subgraphs=33
35	1781901166.017585850	C	subgraph_split_done	5646456	5642502	4518280	1123896	4280	0	1123896	0	0	035_C_subgraph_split_done.smaps_rollup	mode=decode subgraphs=33 group_layers=1
36	1781901166.089330494	H	before_first_decode_token	5646456	5642500	4518280	1123896	4280	0	1123896	0	0	036_H_before_first_decode_token.smaps_rollup	subgraphs=33
37	1781901166.183141193	I	decode_layer_done	5646456	5642502	4518280	1123896	4280	0	1123896	0	0	037_I_decode_layer_done.smaps_rollup	layer=0 subgraph=1
38	1781901166.238069226	I	decode_layer_done	5646456	5642497	4518280	1123896	4280	0	1123896	0	0	038_I_decode_layer_done.smaps_rollup	layer=4 subgraph=5
39	1781901166.353722846	I	decode_layer_done	5646456	5642500	4518280	1123896	4280	0	1123896	0	0	039_I_decode_layer_done.smaps_rollup	layer=8 subgraph=9
40	1781901166.407441432	I	decode_layer_done	5646456	5642499	4518280	1123896	4280	0	1123896	0	0	040_I_decode_layer_done.smaps_rollup	layer=12 subgraph=13
41	1781901166.473650212	I	decode_layer_done	5646456	5642501	4518280	1123896	4280	0	1123896	0	0	041_I_decode_layer_done.smaps_rollup	layer=16 subgraph=17
42	1781901166.572773589	I	decode_layer_done	5646520	5642561	4518344	1123896	4280	0	1123896	0	0	042_I_decode_layer_done.smaps_rollup	layer=20 subgraph=21
43	1781901166.636840296	I	decode_layer_done	5646520	5642565	4518344	1123896	4280	0	1123896	0	0	043_I_decode_layer_done.smaps_rollup	layer=24 subgraph=25
44	1781901166.691008931	I	decode_layer_done	5646520	5642566	4518344	1123896	4280	0	1123896	0	0	044_I_decode_layer_done.smaps_rollup	layer=28 subgraph=29
45	1781901166.746194386	J	decode_token_done	5646520	5642566	4518344	1123896	4280	0	1123896	0	0	045_J_decode_token_done.smaps_rollup	subgraphs=33
46	1781901166.824943740	C	subgraph_split_done	5646520	5642563	4518344	1123896	4280	0	1123896	0	0	046_C_subgraph_split_done.smaps_rollup	mode=decode subgraphs=33 group_layers=1
47	1781901166.898451106	H	before_first_decode_token	5646528	5642574	4518344	1123904	4280	0	1123904	0	0	047_H_before_first_decode_token.smaps_rollup	subgraphs=33
48	1781901167.049256065	I	decode_layer_done	5646592	5642633	4518408	1123904	4280	0	1123904	0	0	048_I_decode_layer_done.smaps_rollup	layer=0 subgraph=1
49	1781901167.148887279	I	decode_layer_done	5646592	5642636	4518408	1123904	4280	0	1123904	0	0	049_I_decode_layer_done.smaps_rollup	layer=4 subgraph=5
50	1781901167.262920093	I	decode_layer_done	5646592	5642635	4518408	1123904	4280	0	1123904	0	0	050_I_decode_layer_done.smaps_rollup	layer=8 subgraph=9
51	1781901167.340661536	I	decode_layer_done	5646592	5642636	4518408	1123904	4280	0	1123904	0	0	051_I_decode_layer_done.smaps_rollup	layer=12 subgraph=13
52	1781901167.426070446	I	decode_layer_done	5646592	5642637	4518408	1123904	4280	0	1123904	0	0	052_I_decode_layer_done.smaps_rollup	layer=16 subgraph=17
53	1781901167.524365533	I	decode_layer_done	5646660	5642703	4518472	1123908	4280	0	1123908	0	0	053_I_decode_layer_done.smaps_rollup	layer=20 subgraph=21
54	1781901167.598671077	I	decode_layer_done	5646660	5642706	4518472	1123908	4280	0	1123908	0	0	054_I_decode_layer_done.smaps_rollup	layer=24 subgraph=25
55	1781901167.665772641	I	decode_layer_done	5646660	5642706	4518472	1123908	4280	0	1123908	0	0	055_I_decode_layer_done.smaps_rollup	layer=28 subgraph=29
56	1781901167.772673071	J	decode_token_done	5646660	5642705	4518472	1123908	4280	0	1123908	0	0	056_J_decode_token_done.smaps_rollup	subgraphs=33
57	1781901167.872771312	C	subgraph_split_done	5646660	5642706	4518472	1123908	4280	0	1123908	0	0	057_C_subgraph_split_done.smaps_rollup	mode=decode subgraphs=33 group_layers=1
58	1781901167.964721801	H	before_first_decode_token	5646724	5642770	4518536	1123908	4280	0	1123908	0	0	058_H_before_first_decode_token.smaps_rollup	subgraphs=33
59	1781901168.074507650	I	decode_layer_done	5646724	5642766	4518536	1123908	4280	0	1123908	0	0	059_I_decode_layer_done.smaps_rollup	layer=0 subgraph=1
60	1781901168.188195651	I	decode_layer_done	5646724	5642767	4518536	1123908	4280	0	1123908	0	0	060_I_decode_layer_done.smaps_rollup	layer=4 subgraph=5
61	1781901168.294788027	I	decode_layer_done	5646724	5642767	4518536	1123908	4280	0	1123908	0	0	061_I_decode_layer_done.smaps_rollup	layer=8 subgraph=9
62	1781901168.352167998	I	decode_layer_done	5646724	5642767	4518536	1123908	4280	0	1123908	0	0	062_I_decode_layer_done.smaps_rollup	layer=12 subgraph=13
63	1781901168.419834349	I	decode_layer_done	5646724	5642766	4518536	1123908	4280	0	1123908	0	0	063_I_decode_layer_done.smaps_rollup	layer=16 subgraph=17
64	1781901168.511781753	I	decode_layer_done	5646788	5642834	4518600	1123908	4280	0	1123908	0	0	064_I_decode_layer_done.smaps_rollup	layer=20 subgraph=21
65	1781901168.589038903	I	decode_layer_done	5646788	5642830	4518600	1123908	4280	0	1123908	0	0	065_I_decode_layer_done.smaps_rollup	layer=24 subgraph=25
66	1781901168.681610818	I	decode_layer_done	5646788	5642833	4518600	1123908	4280	0	1123908	0	0	066_I_decode_layer_done.smaps_rollup	layer=28 subgraph=29
67	1781901168.737926057	J	decode_token_done	5646788	5642834	4518600	1123908	4280	0	1123908	0	0	067_J_decode_token_done.smaps_rollup	subgraphs=33
68	1781901168.795864927	C	subgraph_split_done	5646788	5642832	4518600	1123908	4280	0	1123908	0	0	068_C_subgraph_split_done.smaps_rollup	mode=decode subgraphs=33 group_layers=1
69	1781901168.896375238	H	before_first_decode_token	5646788	5642831	4518600	1123908	4280	0	1123908	0	0	069_H_before_first_decode_token.smaps_rollup	subgraphs=33
70	1781901168.952370032	I	decode_layer_done	5646852	5642895	4518664	1123908	4280	0	1123908	0	0	070_I_decode_layer_done.smaps_rollup	layer=0 subgraph=1
71	1781901169.074436890	I	decode_layer_done	5646852	5642895	4518664	1123908	4280	0	1123908	0	0	071_I_decode_layer_done.smaps_rollup	layer=4 subgraph=5
72	1781901169.195714234	I	decode_layer_done	5646852	5642898	4518664	1123908	4280	0	1123908	0	0	072_I_decode_layer_done.smaps_rollup	layer=8 subgraph=9
73	1781901169.257694385	I	decode_layer_done	5646852	5642895	4518664	1123908	4280	0	1123908	0	0	073_I_decode_layer_done.smaps_rollup	layer=12 subgraph=13
74	1781901169.365393891	I	decode_layer_done	5646852	5642897	4518664	1123908	4280	0	1123908	0	0	074_I_decode_layer_done.smaps_rollup	layer=16 subgraph=17
75	1781901169.448893818	I	decode_layer_done	5646852	5642896	4518664	1123908	4280	0	1123908	0	0	075_I_decode_layer_done.smaps_rollup	layer=20 subgraph=21
76	1781901169.530340780	I	decode_layer_done	5646852	5642897	4518664	1123908	4280	0	1123908	0	0	076_I_decode_layer_done.smaps_rollup	layer=24 subgraph=25
77	1781901169.592239853	I	decode_layer_done	5646852	5642898	4518664	1123908	4280	0	1123908	0	0	077_I_decode_layer_done.smaps_rollup	layer=28 subgraph=29
78	1781901169.670066017	J	decode_token_done	5646852	5642893	4518664	1123908	4280	0	1123908	0	0	078_J_decode_token_done.smaps_rollup	subgraphs=33
79	1781901169.753995940	C	subgraph_split_done	5646852	5642898	4518664	1123908	4280	0	1123908	0	0	079_C_subgraph_split_done.smaps_rollup	mode=decode subgraphs=33 group_layers=1
80	1781901169.812457417	H	before_first_decode_token	5646852	5642892	4518664	1123908	4280	0	1123908	0	0	080_H_before_first_decode_token.smaps_rollup	subgraphs=33
81	1781901169.869131550	I	decode_layer_done	5646852	5642897	4518664	1123908	4280	0	1123908	0	0	081_I_decode_layer_done.smaps_rollup	layer=0 subgraph=1
82	1781901169.949449025	I	decode_layer_done	5646852	5642897	4518664	1123908	4280	0	1123908	0	0	082_I_decode_layer_done.smaps_rollup	layer=4 subgraph=5
83	1781901170.068993339	I	decode_layer_done	5646852	5642898	4518664	1123908	4280	0	1123908	0	0	083_I_decode_layer_done.smaps_rollup	layer=8 subgraph=9
84	1781901170.154665596	I	decode_layer_done	5646852	5642897	4518664	1123908	4280	0	1123908	0	0	084_I_decode_layer_done.smaps_rollup	layer=12 subgraph=13
85	1781901170.223800443	I	decode_layer_done	5646852	5642895	4518664	1123908	4280	0	1123908	0	0	085_I_decode_layer_done.smaps_rollup	layer=16 subgraph=17
86	1781901170.280135277	I	decode_layer_done	5646852	5642894	4518664	1123908	4280	0	1123908	0	0	086_I_decode_layer_done.smaps_rollup	layer=20 subgraph=21
87	1781901170.371815613	I	decode_layer_done	5646852	5642897	4518664	1123908	4280	0	1123908	0	0	087_I_decode_layer_done.smaps_rollup	layer=24 subgraph=25
88	1781901170.437219445	I	decode_layer_done	5646916	5642961	4518728	1123908	4280	0	1123908	0	0	088_I_decode_layer_done.smaps_rollup	layer=28 subgraph=29
89	1781901170.557964702	J	decode_token_done	5646916	5642962	4518728	1123908	4280	0	1123908	0	0	089_J_decode_token_done.smaps_rollup	subgraphs=33
90	1781901170.616578105	C	subgraph_split_done	5646916	5642957	4518728	1123908	4280	0	1123908	0	0	090_C_subgraph_split_done.smaps_rollup	mode=decode subgraphs=33 group_layers=1
91	1781901170.705879937	H	before_first_decode_token	5646916	5642957	4518728	1123908	4280	0	1123908	0	0	091_H_before_first_decode_token.smaps_rollup	subgraphs=33
92	1781901170.756788469	I	decode_layer_done	5646916	5642956	4518728	1123908	4280	0	1123908	0	0	092_I_decode_layer_done.smaps_rollup	layer=0 subgraph=1
93	1781901170.807761488	I	decode_layer_done	5646916	5642962	4518728	1123908	4280	0	1123908	0	0	093_I_decode_layer_done.smaps_rollup	layer=4 subgraph=5
94	1781901170.861681484	I	decode_layer_done	5646916	5642958	4518728	1123908	4280	0	1123908	0	0	094_I_decode_layer_done.smaps_rollup	layer=8 subgraph=9
95	1781901170.912331393	I	decode_layer_done	5646916	5642960	4518728	1123908	4280	0	1123908	0	0	095_I_decode_layer_done.smaps_rollup	layer=12 subgraph=13
96	1781901171.022474244	I	decode_layer_done	5646916	5642962	4518728	1123908	4280	0	1123908	0	0	096_I_decode_layer_done.smaps_rollup	layer=16 subgraph=17
97	1781901171.119436357	I	decode_layer_done	5646980	5643025	4518792	1123908	4280	0	1123908	0	0	097_I_decode_layer_done.smaps_rollup	layer=20 subgraph=21
98	1781901171.198924567	I	decode_layer_done	5646980	5643026	4518792	1123908	4280	0	1123908	0	0	098_I_decode_layer_done.smaps_rollup	layer=24 subgraph=25
99	1781901171.300670978	I	decode_layer_done	5646980	5643025	4518792	1123908	4280	0	1123908	0	0	099_I_decode_layer_done.smaps_rollup	layer=28 subgraph=29
100	1781901171.425198887	J	decode_token_done	5646980	5643023	4518792	1123908	4280	0	1123908	0	0	100_J_decode_token_done.smaps_rollup	subgraphs=33
101	1781901171.543683249	C	subgraph_split_done	5646980	5643026	4518792	1123908	4280	0	1123908	0	0	101_C_subgraph_split_done.smaps_rollup	mode=decode subgraphs=33 group_layers=1
102	1781901171.623918263	H	before_first_decode_token	5647044	5643089	4518856	1123908	4280	0	1123908	0	0	102_H_before_first_decode_token.smaps_rollup	subgraphs=33
103	1781901171.786788375	I	decode_layer_done	5647044	5643090	4518856	1123908	4280	0	1123908	0	0	103_I_decode_layer_done.smaps_rollup	layer=0 subgraph=1
104	1781901171.850584305	I	decode_layer_done	5647044	5643090	4518856	1123908	4280	0	1123908	0	0	104_I_decode_layer_done.smaps_rollup	layer=4 subgraph=5
105	1781901171.922346669	I	decode_layer_done	5647044	5643089	4518856	1123908	4280	0	1123908	0	0	105_I_decode_layer_done.smaps_rollup	layer=8 subgraph=9
106	1781901172.013120161	I	decode_layer_done	5647044	5643087	4518856	1123908	4280	0	1123908	0	0	106_I_decode_layer_done.smaps_rollup	layer=12 subgraph=13
107	1781901172.071535828	I	decode_layer_done	5647044	5643090	4518856	1123908	4280	0	1123908	0	0	107_I_decode_layer_done.smaps_rollup	layer=16 subgraph=17
108	1781901172.144515241	I	decode_layer_done	5647044	5643086	4518856	1123908	4280	0	1123908	0	0	108_I_decode_layer_done.smaps_rollup	layer=20 subgraph=21
109	1781901172.201522721	I	decode_layer_done	5647112	5643156	4518920	1123912	4280	0	1123912	0	0	109_I_decode_layer_done.smaps_rollup	layer=24 subgraph=25
110	1781901172.313080254	I	decode_layer_done	5647112	5643157	4518920	1123912	4280	0	1123912	0	0	110_I_decode_layer_done.smaps_rollup	layer=28 subgraph=29
111	1781901172.379590911	J	decode_token_done	5647112	5643156	4518920	1123912	4280	0	1123912	0	0	111_J_decode_token_done.smaps_rollup	subgraphs=33
112	1781901172.451702151	C	subgraph_split_done	5647112	5643158	4518920	1123912	4280	0	1123912	0	0	112_C_subgraph_split_done.smaps_rollup	mode=decode subgraphs=33 group_layers=1
113	1781901172.515890647	H	before_first_decode_token	5647112	5643152	4518920	1123912	4280	0	1123912	0	0	113_H_before_first_decode_token.smaps_rollup	subgraphs=33
114	1781901172.635421254	I	decode_layer_done	5647112	5643158	4518920	1123912	4280	0	1123912	0	0	114_I_decode_layer_done.smaps_rollup	layer=0 subgraph=1
115	1781901172.747648185	I	decode_layer_done	5647112	5643155	4518920	1123912	4280	0	1123912	0	0	115_I_decode_layer_done.smaps_rollup	layer=4 subgraph=5
116	1781901172.809215239	I	decode_layer_done	5647176	5643219	4518984	1123912	4280	0	1123912	0	0	116_I_decode_layer_done.smaps_rollup	layer=8 subgraph=9
117	1781901172.911470199	I	decode_layer_done	5647176	5643216	4518984	1123912	4280	0	1123912	0	0	117_I_decode_layer_done.smaps_rollup	layer=12 subgraph=13
118	1781901173.030308432	I	decode_layer_done	5647176	5643222	4518984	1123912	4280	0	1123912	0	0	118_I_decode_layer_done.smaps_rollup	layer=16 subgraph=17
119	1781901173.101637803	I	decode_layer_done	5647176	5643222	4518984	1123912	4280	0	1123912	0	0	119_I_decode_layer_done.smaps_rollup	layer=20 subgraph=21
120	1781901173.206430262	I	decode_layer_done	5647176	5643218	4518984	1123912	4280	0	1123912	0	0	120_I_decode_layer_done.smaps_rollup	layer=24 subgraph=25
121	1781901173.290149956	I	decode_layer_done	5647176	5643222	4518984	1123912	4280	0	1123912	0	0	121_I_decode_layer_done.smaps_rollup	layer=28 subgraph=29
122	1781901173.359972230	J	decode_token_done	5647240	5643284	4519048	1123912	4280	0	1123912	0	0	122_J_decode_token_done.smaps_rollup	subgraphs=33
123	1781901173.445041432	C	subgraph_split_done	5647240	5643283	4519048	1123912	4280	0	1123912	0	0	123_C_subgraph_split_done.smaps_rollup	mode=decode subgraphs=33 group_layers=1
124	1781901173.523391634	H	before_first_decode_token	5647240	5643283	4519048	1123912	4280	0	1123912	0	0	124_H_before_first_decode_token.smaps_rollup	subgraphs=33
125	1781901173.575144345	I	decode_layer_done	5647240	5643286	4519048	1123912	4280	0	1123912	0	0	125_I_decode_layer_done.smaps_rollup	layer=0 subgraph=1
126	1781901173.630868388	I	decode_layer_done	5647240	5643283	4519048	1123912	4280	0	1123912	0	0	126_I_decode_layer_done.smaps_rollup	layer=4 subgraph=5
127	1781901173.716381644	I	decode_layer_done	5647240	5643283	4519048	1123912	4280	0	1123912	0	0	127_I_decode_layer_done.smaps_rollup	layer=8 subgraph=9
128	1781901173.824913417	I	decode_layer_done	5647240	5643285	4519048	1123912	4280	0	1123912	0	0	128_I_decode_layer_done.smaps_rollup	layer=12 subgraph=13
129	1781901173.898280395	I	decode_layer_done	5647240	5643286	4519048	1123912	4280	0	1123912	0	0	129_I_decode_layer_done.smaps_rollup	layer=16 subgraph=17
130	1781901173.994292416	I	decode_layer_done	5647240	5643282	4519048	1123912	4280	0	1123912	0	0	130_I_decode_layer_done.smaps_rollup	layer=20 subgraph=21
131	1781901174.088290029	I	decode_layer_done	5647240	5643282	4519048	1123912	4280	0	1123912	0	0	131_I_decode_layer_done.smaps_rollup	layer=24 subgraph=25
132	1781901174.209869068	I	decode_layer_done	5647240	5643286	4519048	1123912	4280	0	1123912	0	0	132_I_decode_layer_done.smaps_rollup	layer=28 subgraph=29
133	1781901174.310382773	J	decode_token_done	5647240	5643284	4519048	1123912	4280	0	1123912	0	0	133_J_decode_token_done.smaps_rollup	subgraphs=33
134	1781901174.374619492	C	subgraph_split_done	5647240	5643285	4519048	1123912	4280	0	1123912	0	0	134_C_subgraph_split_done.smaps_rollup	mode=decode subgraphs=33 group_layers=1
135	1781901174.444772609	H	before_first_decode_token	5647240	5643286	4519048	1123912	4280	0	1123912	0	0	135_H_before_first_decode_token.smaps_rollup	subgraphs=33
136	1781901174.584381263	I	decode_layer_done	5647304	5643349	4519112	1123912	4280	0	1123912	0	0	136_I_decode_layer_done.smaps_rollup	layer=0 subgraph=1
137	1781901174.660756747	I	decode_layer_done	5647304	5643347	4519112	1123912	4280	0	1123912	0	0	137_I_decode_layer_done.smaps_rollup	layer=4 subgraph=5
138	1781901174.766450190	I	decode_layer_done	5647304	5643344	4519112	1123912	4280	0	1123912	0	0	138_I_decode_layer_done.smaps_rollup	layer=8 subgraph=9
139	1781901174.901954182	I	decode_layer_done	5647304	5643350	4519112	1123912	4280	0	1123912	0	0	139_I_decode_layer_done.smaps_rollup	layer=12 subgraph=13
140	1781901174.964314923	I	decode_layer_done	5647304	5643350	4519112	1123912	4280	0	1123912	0	0	140_I_decode_layer_done.smaps_rollup	layer=16 subgraph=17
141	1781901175.068859657	I	decode_layer_done	5647368	5643413	4519176	1123912	4280	0	1123912	0	0	141_I_decode_layer_done.smaps_rollup	layer=20 subgraph=21
142	1781901175.189814922	I	decode_layer_done	5647368	5643410	4519176	1123912	4280	0	1123912	0	0	142_I_decode_layer_done.smaps_rollup	layer=24 subgraph=25
143	1781901175.296835410	I	decode_layer_done	5647368	5643413	4519176	1123912	4280	0	1123912	0	0	143_I_decode_layer_done.smaps_rollup	layer=28 subgraph=29
144	1781901175.350230787	J	decode_token_done	5647368	5643409	4519176	1123912	4280	0	1123912	0	0	144_J_decode_token_done.smaps_rollup	subgraphs=33
145	1781901175.472169642	C	subgraph_split_done	5647368	5643411	4519176	1123912	4280	0	1123912	0	0	145_C_subgraph_split_done.smaps_rollup	mode=decode subgraphs=33 group_layers=1
146	1781901175.564826748	H	before_first_decode_token	5647368	5643413	4519176	1123912	4280	0	1123912	0	0	146_H_before_first_decode_token.smaps_rollup	subgraphs=33
147	1781901175.681193860	I	decode_layer_done	5647368	5643412	4519176	1123912	4280	0	1123912	0	0	147_I_decode_layer_done.smaps_rollup	layer=0 subgraph=1
148	1781901175.798729711	I	decode_layer_done	5647368	5643414	4519176	1123912	4280	0	1123912	0	0	148_I_decode_layer_done.smaps_rollup	layer=4 subgraph=5
149	1781901175.875866778	I	decode_layer_done	5647368	5643414	4519176	1123912	4280	0	1123912	0	0	149_I_decode_layer_done.smaps_rollup	layer=8 subgraph=9
150	1781901176.008401002	I	decode_layer_done	5647368	5643408	4519176	1123912	4280	0	1123912	0	0	150_I_decode_layer_done.smaps_rollup	layer=12 subgraph=13
151	1781901176.080947397	I	decode_layer_done	5647368	5643408	4519176	1123912	4280	0	1123912	0	0	151_I_decode_layer_done.smaps_rollup	layer=16 subgraph=17
152	1781901176.155030948	I	decode_layer_done	5647368	5643414	4519176	1123912	4280	0	1123912	0	0	152_I_decode_layer_done.smaps_rollup	layer=20 subgraph=21
153	1781901176.221843736	I	decode_layer_done	5647368	5643412	4519176	1123912	4280	0	1123912	0	0	153_I_decode_layer_done.smaps_rollup	layer=24 subgraph=25
154	1781901176.290095832	I	decode_layer_done	5647368	5643412	4519176	1123912	4280	0	1123912	0	0	154_I_decode_layer_done.smaps_rollup	layer=28 subgraph=29
155	1781901176.360723888	J	decode_token_done	5647368	5643412	4519176	1123912	4280	0	1123912	0	0	155_J_decode_token_done.smaps_rollup	subgraphs=33
156	1781901176.485674075	C	subgraph_split_done	5647368	5643412	4519176	1123912	4280	0	1123912	0	0	156_C_subgraph_split_done.smaps_rollup	mode=decode subgraphs=33 group_layers=1
157	1781901176.617929302	H	before_first_decode_token	5647368	5643414	4519176	1123912	4280	0	1123912	0	0	157_H_before_first_decode_token.smaps_rollup	subgraphs=33
158	1781901176.699736396	I	decode_layer_done	5647368	5643412	4519176	1123912	4280	0	1123912	0	0	158_I_decode_layer_done.smaps_rollup	layer=0 subgraph=1
159	1781901176.806285022	I	decode_layer_done	5647368	5643410	4519176	1123912	4280	0	1123912	0	0	159_I_decode_layer_done.smaps_rollup	layer=4 subgraph=5
160	1781901176.912673179	I	decode_layer_done	5647368	5643413	4519176	1123912	4280	0	1123912	0	0	160_I_decode_layer_done.smaps_rollup	layer=8 subgraph=9
161	1781901177.016678343	I	decode_layer_done	5647368	5643413	4519176	1123912	4280	0	1123912	0	0	161_I_decode_layer_done.smaps_rollup	layer=12 subgraph=13
162	1781901177.105804097	I	decode_layer_done	5647368	5643413	4519176	1123912	4280	0	1123912	0	0	162_I_decode_layer_done.smaps_rollup	layer=16 subgraph=17
163	1781901177.221137287	I	decode_layer_done	5647368	5643413	4519176	1123912	4280	0	1123912	0	0	163_I_decode_layer_done.smaps_rollup	layer=20 subgraph=21
164	1781901177.364795191	I	decode_layer_done	5647368	5643413	4519176	1123912	4280	0	1123912	0	0	164_I_decode_layer_done.smaps_rollup	layer=24 subgraph=25
165	1781901177.454655043	I	decode_layer_done	5647368	5643413	4519176	1123912	4280	0	1123912	0	0	165_I_decode_layer_done.smaps_rollup	layer=28 subgraph=29
166	1781901177.568780196	J	decode_token_done	5647368	5643409	4519176	1123912	4280	0	1123912	0	0	166_J_decode_token_done.smaps_rollup	subgraphs=33
167	1781901177.683420688	C	subgraph_split_done	5647368	5643412	4519176	1123912	4280	0	1123912	0	0	167_C_subgraph_split_done.smaps_rollup	mode=decode subgraphs=33 group_layers=1
168	1781901177.750564326	H	before_first_decode_token	5647368	5643413	4519176	1123912	4280	0	1123912	0	0	168_H_before_first_decode_token.smaps_rollup	subgraphs=33
169	1781901177.889595223	I	decode_layer_done	5647432	5643475	4519240	1123912	4280	0	1123912	0	0	169_I_decode_layer_done.smaps_rollup	layer=0 subgraph=1
170	1781901178.032761773	I	decode_layer_done	5647432	5643474	4519240	1123912	4280	0	1123912	0	0	170_I_decode_layer_done.smaps_rollup	layer=4 subgraph=5
171	1781901178.109172881	I	decode_layer_done	5647432	5643475	4519240	1123912	4280	0	1123912	0	0	171_I_decode_layer_done.smaps_rollup	layer=8 subgraph=9
172	1781901178.179461304	I	decode_layer_done	5647432	5643478	4519240	1123912	4280	0	1123912	0	0	172_I_decode_layer_done.smaps_rollup	layer=12 subgraph=13
173	1781901178.311543714	I	decode_layer_done	5647432	5643478	4519240	1123912	4280	0	1123912	0	0	173_I_decode_layer_done.smaps_rollup	layer=16 subgraph=17
174	1781901178.393041517	I	decode_layer_done	5647496	5643538	4519304	1123912	4280	0	1123912	0	0	174_I_decode_layer_done.smaps_rollup	layer=20 subgraph=21
175	1781901178.473771489	I	decode_layer_done	5647496	5643538	4519304	1123912	4280	0	1123912	0	0	175_I_decode_layer_done.smaps_rollup	layer=24 subgraph=25
176	1781901178.582266829	I	decode_layer_done	5647496	5643539	4519304	1123912	4280	0	1123912	0	0	176_I_decode_layer_done.smaps_rollup	layer=28 subgraph=29
177	1781901178.639295290	J	decode_token_done	5647496	5643540	4519304	1123912	4280	0	1123912	0	0	177_J_decode_token_done.smaps_rollup	subgraphs=33
178	1781901178.743789519	C	subgraph_split_done	5647496	5643540	4519304	1123912	4280	0	1123912	0	0	178_C_subgraph_split_done.smaps_rollup	mode=decode subgraphs=33 group_layers=1
179	1781901178.872492070	H	before_first_decode_token	5647496	5643539	4519304	1123912	4280	0	1123912	0	0	179_H_before_first_decode_token.smaps_rollup	subgraphs=33
180	1781901179.011259671	I	decode_layer_done	5647496	5643542	4519304	1123912	4280	0	1123912	0	0	180_I_decode_layer_done.smaps_rollup	layer=0 subgraph=1
181	1781901179.076861981	I	decode_layer_done	5647496	5643539	4519304	1123912	4280	0	1123912	0	0	181_I_decode_layer_done.smaps_rollup	layer=4 subgraph=5
182	1781901179.152845456	I	decode_layer_done	5647496	5643539	4519304	1123912	4280	0	1123912	0	0	182_I_decode_layer_done.smaps_rollup	layer=8 subgraph=9
183	1781901179.229806661	I	decode_layer_done	5647496	5643542	4519304	1123912	4280	0	1123912	0	0	183_I_decode_layer_done.smaps_rollup	layer=12 subgraph=13
184	1781901179.323918073	I	decode_layer_done	5647496	5643542	4519304	1123912	4280	0	1123912	0	0	184_I_decode_layer_done.smaps_rollup	layer=16 subgraph=17
185	1781901179.417110909	I	decode_layer_done	5647496	5643540	4519304	1123912	4280	0	1123912	0	0	185_I_decode_layer_done.smaps_rollup	layer=20 subgraph=21
186	1781901179.520238632	I	decode_layer_done	5647500	5643542	4519304	1123916	4280	0	1123916	0	0	186_I_decode_layer_done.smaps_rollup	layer=24 subgraph=25
187	1781901179.575397786	I	decode_layer_done	5647500	5643546	4519304	1123916	4280	0	1123916	0	0	187_I_decode_layer_done.smaps_rollup	layer=28 subgraph=29
188	1781901179.643466453	J	decode_token_done	5647500	5643546	4519304	1123916	4280	0	1123916	0	0	188_J_decode_token_done.smaps_rollup	subgraphs=33
189	1781901179.698754894	C	subgraph_split_done	5647500	5643539	4519304	1123916	4280	0	1123916	0	0	189_C_subgraph_split_done.smaps_rollup	mode=decode subgraphs=33 group_layers=1
190	1781901179.787986081	H	before_first_decode_token	5647500	5643546	4519304	1123916	4280	0	1123916	0	0	190_H_before_first_decode_token.smaps_rollup	subgraphs=33
191	1781901179.852290888	I	decode_layer_done	5647500	5643544	4519304	1123916	4280	0	1123916	0	0	191_I_decode_layer_done.smaps_rollup	layer=0 subgraph=1
192	1781901179.946489006	I	decode_layer_done	5647500	5643546	4519304	1123916	4280	0	1123916	0	0	192_I_decode_layer_done.smaps_rollup	layer=4 subgraph=5
193	1781901180.003854455	I	decode_layer_done	5647500	5643546	4519304	1123916	4280	0	1123916	0	0	193_I_decode_layer_done.smaps_rollup	layer=8 subgraph=9
194	1781901180.071666211	I	decode_layer_done	5647500	5643545	4519304	1123916	4280	0	1123916	0	0	194_I_decode_layer_done.smaps_rollup	layer=12 subgraph=13
195	1781901180.128113612	I	decode_layer_done	5647500	5643543	4519304	1123916	4280	0	1123916	0	0	195_I_decode_layer_done.smaps_rollup	layer=16 subgraph=17
196	1781901180.224973606	I	decode_layer_done	5647564	5643606	4519368	1123916	4280	0	1123916	0	0	196_I_decode_layer_done.smaps_rollup	layer=20 subgraph=21
197	1781901180.275134843	I	decode_layer_done	5647564	5643608	4519368	1123916	4280	0	1123916	0	0	197_I_decode_layer_done.smaps_rollup	layer=24 subgraph=25
198	1781901180.405418438	I	decode_layer_done	5647564	5643610	4519368	1123916	4280	0	1123916	0	0	198_I_decode_layer_done.smaps_rollup	layer=28 subgraph=29
199	1781901180.510969001	J	decode_token_done	5647564	5643610	4519368	1123916	4280	0	1123916	0	0	199_J_decode_token_done.smaps_rollup	subgraphs=33
200	1781901180.643497688	C	subgraph_split_done	5647564	5643610	4519368	1123916	4280	0	1123916	0	0	200_C_subgraph_split_done.smaps_rollup	mode=decode subgraphs=33 group_layers=1
201	1781901180.712473217	H	before_first_decode_token	5647628	5643672	4519432	1123916	4280	0	1123916	0	0	201_H_before_first_decode_token.smaps_rollup	subgraphs=33
202	1781901180.825894906	I	decode_layer_done	5647628	5643672	4519432	1123916	4280	0	1123916	0	0	202_I_decode_layer_done.smaps_rollup	layer=0 subgraph=1
203	1781901180.878099943	I	decode_layer_done	5647628	5643672	4519432	1123916	4280	0	1123916	0	0	203_I_decode_layer_done.smaps_rollup	layer=4 subgraph=5
204	1781901180.936097551	I	decode_layer_done	5647628	5643674	4519432	1123916	4280	0	1123916	0	0	204_I_decode_layer_done.smaps_rollup	layer=8 subgraph=9
205	1781901180.990268262	I	decode_layer_done	5647628	5643674	4519432	1123916	4280	0	1123916	0	0	205_I_decode_layer_done.smaps_rollup	layer=12 subgraph=13
206	1781901181.048735673	I	decode_layer_done	5647628	5643672	4519432	1123916	4280	0	1123916	0	0	206_I_decode_layer_done.smaps_rollup	layer=16 subgraph=17
207	1781901181.151159268	I	decode_layer_done	5647628	5643674	4519432	1123916	4280	0	1123916	0	0	207_I_decode_layer_done.smaps_rollup	layer=20 subgraph=21
208	1781901181.240837764	I	decode_layer_done	5647628	5643672	4519432	1123916	4280	0	1123916	0	0	208_I_decode_layer_done.smaps_rollup	layer=24 subgraph=25
209	1781901181.350890442	I	decode_layer_done	4595476	4591421	4519432	71608	4436	0	71608	0	0	209_I_decode_layer_done.smaps_rollup	layer=28 subgraph=29
210	1781901181.447081887	J	decode_token_done	84700	80640	8656	71608	4436	0	71608	0	0	210_J_decode_token_done.smaps_rollup	subgraphs=33
211	1781901181.479944952	C	subgraph_split_done	84700	80644	8656	71608	4436	0	71608	0	0	211_C_subgraph_split_done.smaps_rollup	mode=decode subgraphs=33 group_layers=1
212	1781901181.494385458	H	before_first_decode_token	84700	80643	8656	71608	4436	0	71608	0	0	212_H_before_first_decode_token.smaps_rollup	subgraphs=33
213	1781901181.508793374	I	decode_layer_done	84700	80641	8656	71608	4436	0	71608	0	0	213_I_decode_layer_done.smaps_rollup	layer=0 subgraph=1
214	1781901181.523268116	I	decode_layer_done	84700	80646	8656	71608	4436	0	71608	0	0	214_I_decode_layer_done.smaps_rollup	layer=4 subgraph=5
215	1781901181.539200523	I	decode_layer_done	84700	80645	8656	71608	4436	0	71608	0	0	215_I_decode_layer_done.smaps_rollup	layer=8 subgraph=9
216	1781901181.559069091	I	decode_layer_done	84700	80646	8656	71608	4436	0	71608	0	0	216_I_decode_layer_done.smaps_rollup	layer=12 subgraph=13
217	1781901181.586763335	I	decode_layer_done	84700	80643	8656	71608	4436	0	71608	0	0	217_I_decode_layer_done.smaps_rollup	layer=16 subgraph=17
218	1781901181.603230531	I	decode_layer_done	84700	80642	8656	71608	4436	0	71608	0	0	218_I_decode_layer_done.smaps_rollup	layer=20 subgraph=21
219	1781901181.617739527	I	decode_layer_done	0	0	0	0	0	0	0	0	0	219_I_decode_layer_done.smaps_rollup	layer=24 subgraph=25
220	1781901181.628051323	I	decode_layer_done	0	0	0	0	0	0	0	0	0	220_I_decode_layer_done.smaps_rollup	layer=28 subgraph=29
221	1781901181.636281041	J	decode_token_done	0	0	0	0	0	0	0	0	0	221_J_decode_token_done.smaps_rollup	subgraphs=33
222	1781901181.647563452	C	subgraph_split_done	0	0	0	0	0	0	0	0	0	222_C_subgraph_split_done.smaps_rollup	mode=decode subgraphs=33 group_layers=1
223	1781901181.655115277	H	before_first_decode_token	0	0	0	0	0	0	0	0	0	223_H_before_first_decode_token.smaps_rollup	subgraphs=33
224	1781901181.664522989	I	decode_layer_done	0	0	0	0	0	0	0	0	0	224_I_decode_layer_done.smaps_rollup	layer=0 subgraph=1
225	1781901181.673397727	I	decode_layer_done	0	0	0	0	0	0	0	0	0	225_I_decode_layer_done.smaps_rollup	layer=4 subgraph=5
226	1781901181.688790210	I	decode_layer_done	0	0	0	0	0	0	0	0	0	226_I_decode_layer_done.smaps_rollup	layer=8 subgraph=9
227	1781901181.697521005	I	decode_layer_done	0	0	0	0	0	0	0	0	0	227_I_decode_layer_done.smaps_rollup	layer=12 subgraph=13
228	1781901181.706061850	I	decode_layer_done	0	0	0	0	0	0	0	0	0	228_I_decode_layer_done.smaps_rollup	layer=16 subgraph=17
229	1781901181.715522360	I	decode_layer_done	0	0	0	0	0	0	0	0	0	229_I_decode_layer_done.smaps_rollup	layer=20 subgraph=21
230	1781901181.724666525	I	decode_layer_done	0	0	0	0	0	0	0	0	0	230_I_decode_layer_done.smaps_rollup	layer=24 subgraph=25
231	1781901181.733670240	I	decode_layer_done	0	0	0	0	0	0	0	0	0	231_I_decode_layer_done.smaps_rollup	layer=28 subgraph=29
232	1781901181.742673216	J	decode_token_done	0	0	0	0	0	0	0	0	0	232_J_decode_token_done.smaps_rollup	subgraphs=33
233	1781901181.753037902	C	subgraph_split_done	0	0	0	0	0	0	0	0	0	233_C_subgraph_split_done.smaps_rollup	mode=decode subgraphs=33 group_layers=1
234	1781901181.762826735	H	before_first_decode_token	0	0	0	0	0	0	0	0	0	234_H_before_first_decode_token.smaps_rollup	subgraphs=33
235	1781901181.771246830	I	decode_layer_done	0	0	0	0	0	0	0	0	0	235_I_decode_layer_done.smaps_rollup	layer=0 subgraph=1
236	1781901181.779916350	I	decode_layer_done	0	0	0	0	0	0	0	0	0	236_I_decode_layer_done.smaps_rollup	layer=4 subgraph=5
237	1781901181.789369291	I	decode_layer_done	0	0	0	0	0	0	0	0	0	237_I_decode_layer_done.smaps_rollup	layer=8 subgraph=9
238	1781901181.798842533	I	decode_layer_done	0	0	0	0	0	0	0	0	0	238_I_decode_layer_done.smaps_rollup	layer=12 subgraph=13
239	1781901181.808457369	I	decode_layer_done	0	0	0	0	0	0	0	0	0	239_I_decode_layer_done.smaps_rollup	layer=16 subgraph=17
240	1781901181.818194811	I	decode_layer_done	0	0	0	0	0	0	0	0	0	240_I_decode_layer_done.smaps_rollup	layer=20 subgraph=21
241	1781901181.828600848	I	decode_layer_done	0	0	0	0	0	0	0	0	0	241_I_decode_layer_done.smaps_rollup	layer=24 subgraph=25
242	1781901181.838801355	I	decode_layer_done	0	0	0	0	0	0	0	0	0	242_I_decode_layer_done.smaps_rollup	layer=28 subgraph=29
243	1781901181.847987233	J	decode_token_done	0	0	0	0	0	0	0	0	0	243_J_decode_token_done.smaps_rollup	subgraphs=33
244	1781901181.858065898	C	subgraph_split_done	0	0	0	0	0	0	0	0	0	244_C_subgraph_split_done.smaps_rollup	mode=decode subgraphs=33 group_layers=1
245	1781901181.866979383	H	before_first_decode_token	0	0	0	0	0	0	0	0	0	245_H_before_first_decode_token.smaps_rollup	subgraphs=33
246	1781901181.876048760	I	decode_layer_done	0	0	0	0	0	0	0	0	0	246_I_decode_layer_done.smaps_rollup	layer=0 subgraph=1
247	1781901181.885586637	I	decode_layer_done	0	0	0	0	0	0	0	0	0	247_I_decode_layer_done.smaps_rollup	layer=4 subgraph=5
248	1781901181.895162500	I	decode_layer_done	0	0	0	0	0	0	0	0	0	248_I_decode_layer_done.smaps_rollup	layer=8 subgraph=9
249	1781901181.905107487	I	decode_layer_done	0	0	0	0	0	0	0	0	0	249_I_decode_layer_done.smaps_rollup	layer=12 subgraph=13
250	1781901181.914805407	I	decode_layer_done	0	0	0	0	0	0	0	0	0	250_I_decode_layer_done.smaps_rollup	layer=16 subgraph=17
251	1781901181.923742068	I	decode_layer_done	0	0	0	0	0	0	0	0	0	251_I_decode_layer_done.smaps_rollup	layer=20 subgraph=21
252	1781901181.933207464	I	decode_layer_done	0	0	0	0	0	0	0	0	0	252_I_decode_layer_done.smaps_rollup	layer=24 subgraph=25
253	1781901181.942780972	I	decode_layer_done	0	0	0	0	0	0	0	0	0	253_I_decode_layer_done.smaps_rollup	layer=28 subgraph=29
254	1781901181.951654786	J	decode_token_done	0	0	0	0	0	0	0	0	0	254_J_decode_token_done.smaps_rollup	subgraphs=33
255	1781901181.961092730	C	subgraph_split_done	0	0	0	0	0	0	0	0	0	255_C_subgraph_split_done.smaps_rollup	mode=decode subgraphs=33 group_layers=1
256	1781901181.971068053	H	before_first_decode_token	0	0	0	0	0	0	0	0	0	256_H_before_first_decode_token.smaps_rollup	subgraphs=33
257	1781901181.980004649	I	decode_layer_done	0	0	0	0	0	0	0	0	0	257_I_decode_layer_done.smaps_rollup	layer=0 subgraph=1
258	1781901181.989383030	I	decode_layer_done	0	0	0	0	0	0	0	0	0	258_I_decode_layer_done.smaps_rollup	layer=4 subgraph=5
259	1781901181.998968362	I	decode_layer_done	0	0	0	0	0	0	0	0	0	259_I_decode_layer_done.smaps_rollup	layer=8 subgraph=9
260	1781901182.008509262	I	decode_layer_done	0	0	0	0	0	0	0	0	0	260_I_decode_layer_done.smaps_rollup	layer=12 subgraph=13
261	1781901182.017504855	I	decode_layer_done	0	0	0	0	0	0	0	0	0	261_I_decode_layer_done.smaps_rollup	layer=16 subgraph=17
262	1781901182.026766353	I	decode_layer_done	0	0	0	0	0	0	0	0	0	262_I_decode_layer_done.smaps_rollup	layer=20 subgraph=21
263	1781901182.037858492	I	decode_layer_done	0	0	0	0	0	0	0	0	0	263_I_decode_layer_done.smaps_rollup	layer=24 subgraph=25
264	1781901182.047018037	I	decode_layer_done	0	0	0	0	0	0	0	0	0	264_I_decode_layer_done.smaps_rollup	layer=28 subgraph=29
265	1781901182.056005033	J	decode_token_done	0	0	0	0	0	0	0	0	0	265_J_decode_token_done.smaps_rollup	subgraphs=33
266	1781901182.067059388	C	subgraph_split_done	0	0	0	0	0	0	0	0	0	266_C_subgraph_split_done.smaps_rollup	mode=decode subgraphs=33 group_layers=1
267	1781901182.075761020	H	before_first_decode_token	0	0	0	0	0	0	0	0	0	267_H_before_first_decode_token.smaps_rollup	subgraphs=33
268	1781901182.086635084	I	decode_layer_done	0	0	0	0	0	0	0	0	0	268_I_decode_layer_done.smaps_rollup	layer=0 subgraph=1
269	1781901182.095093477	I	decode_layer_done	0	0	0	0	0	0	0	0	0	269_I_decode_layer_done.smaps_rollup	layer=4 subgraph=5
270	1781901182.103518754	I	decode_layer_done	0	0	0	0	0	0	0	0	0	270_I_decode_layer_done.smaps_rollup	layer=8 subgraph=9
271	1781901182.111942283	I	decode_layer_done	0	0	0	0	0	0	0	0	0	271_I_decode_layer_done.smaps_rollup	layer=12 subgraph=13
272	1781901182.121304967	I	decode_layer_done	0	0	0	0	0	0	0	0	0	272_I_decode_layer_done.smaps_rollup	layer=16 subgraph=17
273	1781901182.130471697	I	decode_layer_done	0	0	0	0	0	0	0	0	0	273_I_decode_layer_done.smaps_rollup	layer=20 subgraph=21
274	1781901182.139484480	I	decode_layer_done	0	0	0	0	0	0	0	0	0	274_I_decode_layer_done.smaps_rollup	layer=24 subgraph=25
275	1781901182.152229772	I	decode_layer_done	0	0	0	0	0	0	0	0	0	275_I_decode_layer_done.smaps_rollup	layer=28 subgraph=29
276	1781901182.160272516	J	decode_token_done	0	0	0	0	0	0	0	0	0	276_J_decode_token_done.smaps_rollup	subgraphs=33
277	1781901182.167405560	C	subgraph_split_done	0	0	0	0	0	0	0	0	0	277_C_subgraph_split_done.smaps_rollup	mode=decode subgraphs=33 group_layers=1
278	1781901182.174732563	H	before_first_decode_token	0	0	0	0	0	0	0	0	0	278_H_before_first_decode_token.smaps_rollup	subgraphs=33
279	1781901182.182300213	I	decode_layer_done	0	0	0	0	0	0	0	0	0	279_I_decode_layer_done.smaps_rollup	layer=0 subgraph=1
280	1781901182.190261691	I	decode_layer_done	0	0	0	0	0	0	0	0	0	280_I_decode_layer_done.smaps_rollup	layer=4 subgraph=5
281	1781901182.201116118	I	decode_layer_done	0	0	0	0	0	0	0	0	0	281_I_decode_layer_done.smaps_rollup	layer=8 subgraph=9
282	1781901182.210090816	I	decode_layer_done	0	0	0	0	0	0	0	0	0	282_I_decode_layer_done.smaps_rollup	layer=12 subgraph=13
283	1781901182.219373410	I	decode_layer_done	0	0	0	0	0	0	0	0	0	283_I_decode_layer_done.smaps_rollup	layer=16 subgraph=17
284	1781901182.228675786	I	decode_layer_done	0	0	0	0	0	0	0	0	0	284_I_decode_layer_done.smaps_rollup	layer=20 subgraph=21
285	1781901182.237761970	I	decode_layer_done	0	0	0	0	0	0	0	0	0	285_I_decode_layer_done.smaps_rollup	layer=24 subgraph=25
286	1781901182.247371585	I	decode_layer_done	0	0	0	0	0	0	0	0	0	286_I_decode_layer_done.smaps_rollup	layer=28 subgraph=29
287	1781901182.256333140	J	decode_token_done	0	0	0	0	0	0	0	0	0	287_J_decode_token_done.smaps_rollup	subgraphs=33
288	1781901182.264892355	C	subgraph_split_done	0	0	0	0	0	0	0	0	0	288_C_subgraph_split_done.smaps_rollup	mode=decode subgraphs=33 group_layers=1
289	1781901182.272799908	H	before_first_decode_token	0	0	0	0	0	0	0	0	0	289_H_before_first_decode_token.smaps_rollup	subgraphs=33
290	1781901182.280907423	I	decode_layer_done	0	0	0	0	0	0	0	0	0	290_I_decode_layer_done.smaps_rollup	layer=0 subgraph=1
291	1781901182.289754714	I	decode_layer_done	0	0	0	0	0	0	0	0	0	291_I_decode_layer_done.smaps_rollup	layer=4 subgraph=5
292	1781901182.299068151	I	decode_layer_done	0	0	0	0	0	0	0	0	0	292_I_decode_layer_done.smaps_rollup	layer=8 subgraph=9
293	1781901182.313911690	I	decode_layer_done	0	0	0	0	0	0	0	0	0	293_I_decode_layer_done.smaps_rollup	layer=12 subgraph=13
294	1781901182.324762581	I	decode_layer_done	0	0	0	0	0	0	0	0	0	294_I_decode_layer_done.smaps_rollup	layer=16 subgraph=17
295	1781901182.334042814	I	decode_layer_done	0	0	0	0	0	0	0	0	0	295_I_decode_layer_done.smaps_rollup	layer=20 subgraph=21
296	1781901182.344169269	I	decode_layer_done	0	0	0	0	0	0	0	0	0	296_I_decode_layer_done.smaps_rollup	layer=24 subgraph=25
297	1781901182.353380221	I	decode_layer_done	0	0	0	0	0	0	0	0	0	297_I_decode_layer_done.smaps_rollup	layer=28 subgraph=29
298	1781901182.363908000	J	decode_token_done	0	0	0	0	0	0	0	0	0	298_J_decode_token_done.smaps_rollup	subgraphs=33
299	1781901182.373069512	C	subgraph_split_done	0	0	0	0	0	0	0	0	0	299_C_subgraph_split_done.smaps_rollup	mode=decode subgraphs=33 group_layers=1
300	1781901182.382198892	H	before_first_decode_token	0	0	0	0	0	0	0	0	0	300_H_before_first_decode_token.smaps_rollup	subgraphs=33
301	1781901182.391466589	I	decode_layer_done	0	0	0	0	0	0	0	0	0	301_I_decode_layer_done.smaps_rollup	layer=0 subgraph=1
302	1781901182.401219229	I	decode_layer_done	0	0	0	0	0	0	0	0	0	302_I_decode_layer_done.smaps_rollup	layer=4 subgraph=5
303	1781901182.410820800	I	decode_layer_done	0	0	0	0	0	0	0	0	0	303_I_decode_layer_done.smaps_rollup	layer=8 subgraph=9
304	1781901182.420030864	I	decode_layer_done	0	0	0	0	0	0	0	0	0	304_I_decode_layer_done.smaps_rollup	layer=12 subgraph=13
305	1781901182.436212047	I	decode_layer_done	0	0	0	0	0	0	0	0	0	305_I_decode_layer_done.smaps_rollup	layer=16 subgraph=17
306	1781901182.445350625	I	decode_layer_done	0	0	0	0	0	0	0	0	0	306_I_decode_layer_done.smaps_rollup	layer=20 subgraph=21
307	1781901182.454297436	I	decode_layer_done	0	0	0	0	0	0	0	0	0	307_I_decode_layer_done.smaps_rollup	layer=24 subgraph=25
308	1781901182.463337923	I	decode_layer_done	0	0	0	0	0	0	0	0	0	308_I_decode_layer_done.smaps_rollup	layer=28 subgraph=29
309	1781901182.472966031	J	decode_token_done	0	0	0	0	0	0	0	0	0	309_J_decode_token_done.smaps_rollup	subgraphs=33
310	1781901182.483262123	C	subgraph_split_done	0	0	0	0	0	0	0	0	0	310_C_subgraph_split_done.smaps_rollup	mode=decode subgraphs=33 group_layers=1
311	1781901182.492014846	H	before_first_decode_token	0	0	0	0	0	0	0	0	0	311_H_before_first_decode_token.smaps_rollup	subgraphs=33
312	1781901182.500766532	I	decode_layer_done	0	0	0	0	0	0	0	0	0	312_I_decode_layer_done.smaps_rollup	layer=0 subgraph=1
313	1781901182.510285157	I	decode_layer_done	0	0	0	0	0	0	0	0	0	313_I_decode_layer_done.smaps_rollup	layer=4 subgraph=5
314	1781901182.519848992	I	decode_layer_done	0	0	0	0	0	0	0	0	0	314_I_decode_layer_done.smaps_rollup	layer=8 subgraph=9
315	1781901182.529410035	I	decode_layer_done	0	0	0	0	0	0	0	0	0	315_I_decode_layer_done.smaps_rollup	layer=12 subgraph=13
316	1781901182.539007188	I	decode_layer_done	0	0	0	0	0	0	0	0	0	316_I_decode_layer_done.smaps_rollup	layer=16 subgraph=17
317	1781901182.547925454	I	decode_layer_done	0	0	0	0	0	0	0	0	0	317_I_decode_layer_done.smaps_rollup	layer=20 subgraph=21
318	1781901182.557242864	I	decode_layer_done	0	0	0	0	0	0	0	0	0	318_I_decode_layer_done.smaps_rollup	layer=24 subgraph=25
319	1781901182.566389167	I	decode_layer_done	0	0	0	0	0	0	0	0	0	319_I_decode_layer_done.smaps_rollup	layer=28 subgraph=29
320	1781901182.575507870	J	decode_token_done	0	0	0	0	0	0	0	0	0	320_J_decode_token_done.smaps_rollup	subgraphs=33
321	1781901182.585902842	C	subgraph_split_done	0	0	0	0	0	0	0	0	0	321_C_subgraph_split_done.smaps_rollup	mode=decode subgraphs=33 group_layers=1
322	1781901182.594828290	H	before_first_decode_token	0	0	0	0	0	0	0	0	0	322_H_before_first_decode_token.smaps_rollup	subgraphs=33
323	1781901182.605170652	I	decode_layer_done	0	0	0	0	0	0	0	0	0	323_I_decode_layer_done.smaps_rollup	layer=0 subgraph=1
324	1781901182.616912015	I	decode_layer_done	0	0	0	0	0	0	0	0	0	324_I_decode_layer_done.smaps_rollup	layer=4 subgraph=5
325	1781901182.625980688	I	decode_layer_done	0	0	0	0	0	0	0	0	0	325_I_decode_layer_done.smaps_rollup	layer=8 subgraph=9
326	1781901182.635371050	I	decode_layer_done	0	0	0	0	0	0	0	0	0	326_I_decode_layer_done.smaps_rollup	layer=12 subgraph=13
327	1781901182.645462690	I	decode_layer_done	0	0	0	0	0	0	0	0	0	327_I_decode_layer_done.smaps_rollup	layer=16 subgraph=17
328	1781901182.654595558	I	decode_layer_done	0	0	0	0	0	0	0	0	0	328_I_decode_layer_done.smaps_rollup	layer=20 subgraph=21
329	1781901182.663700615	I	decode_layer_done	0	0	0	0	0	0	0	0	0	329_I_decode_layer_done.smaps_rollup	layer=24 subgraph=25
330	1781901182.672824662	I	decode_layer_done	0	0	0	0	0	0	0	0	0	330_I_decode_layer_done.smaps_rollup	layer=28 subgraph=29
331	1781901182.682499171	J	decode_token_done	0	0	0	0	0	0	0	0	0	331_J_decode_token_done.smaps_rollup	subgraphs=33
332	1781901182.691924955	C	subgraph_split_done	0	0	0	0	0	0	0	0	0	332_C_subgraph_split_done.smaps_rollup	mode=decode subgraphs=33 group_layers=1
333	1781901182.700653113	H	before_first_decode_token	0	0	0	0	0	0	0	0	0	333_H_before_first_decode_token.smaps_rollup	subgraphs=33
334	1781901182.709664844	I	decode_layer_done	0	0	0	0	0	0	0	0	0	334_I_decode_layer_done.smaps_rollup	layer=0 subgraph=1
335	1781901182.718721158	I	decode_layer_done	0	0	0	0	0	0	0	0	0	335_I_decode_layer_done.smaps_rollup	layer=4 subgraph=5
336	1781901182.728812784	I	decode_layer_done	0	0	0	0	0	0	0	0	0	336_I_decode_layer_done.smaps_rollup	layer=8 subgraph=9
337	1781901182.739681893	I	decode_layer_done	0	0	0	0	0	0	0	0	0	337_I_decode_layer_done.smaps_rollup	layer=12 subgraph=13
338	1781901182.748850531	I	decode_layer_done	0	0	0	0	0	0	0	0	0	338_I_decode_layer_done.smaps_rollup	layer=16 subgraph=17
339	1781901182.758205102	I	decode_layer_done	0	0	0	0	0	0	0	0	0	339_I_decode_layer_done.smaps_rollup	layer=20 subgraph=21
340	1781901182.767463199	I	decode_layer_done	0	0	0	0	0	0	0	0	0	340_I_decode_layer_done.smaps_rollup	layer=24 subgraph=25
341	1781901182.777107521	I	decode_layer_done	0	0	0	0	0	0	0	0	0	341_I_decode_layer_done.smaps_rollup	layer=28 subgraph=29
342	1781901182.785898896	J	decode_token_done	0	0	0	0	0	0	0	0	0	342_J_decode_token_done.smaps_rollup	subgraphs=33
343	1781901182.794595498	C	subgraph_split_done	0	0	0	0	0	0	0	0	0	343_C_subgraph_split_done.smaps_rollup	mode=decode subgraphs=33 group_layers=1
344	1781901182.804315182	H	before_first_decode_token	0	0	0	0	0	0	0	0	0	344_H_before_first_decode_token.smaps_rollup	subgraphs=33
345	1781901182.813473490	I	decode_layer_done	0	0	0	0	0	0	0	0	0	345_I_decode_layer_done.smaps_rollup	layer=0 subgraph=1
346	1781901182.822840114	I	decode_layer_done	0	0	0	0	0	0	0	0	0	346_I_decode_layer_done.smaps_rollup	layer=4 subgraph=5
347	1781901182.844546701	I	decode_layer_done	0	0	0	0	0	0	0	0	0	347_I_decode_layer_done.smaps_rollup	layer=8 subgraph=9
348	1781901182.851780238	I	decode_layer_done	0	0	0	0	0	0	0	0	0	348_I_decode_layer_done.smaps_rollup	layer=12 subgraph=13
349	1781901182.858547718	I	decode_layer_done	0	0	0	0	0	0	0	0	0	349_I_decode_layer_done.smaps_rollup	layer=16 subgraph=17
350	1781901182.865255521	I	decode_layer_done	0	0	0	0	0	0	0	0	0	350_I_decode_layer_done.smaps_rollup	layer=20 subgraph=21
351	1781901182.871950300	I	decode_layer_done	0	0	0	0	0	0	0	0	0	351_I_decode_layer_done.smaps_rollup	layer=24 subgraph=25
352	1781901182.878662659	I	decode_layer_done	0	0	0	0	0	0	0	0	0	352_I_decode_layer_done.smaps_rollup	layer=28 subgraph=29
353	1781901182.885308975	J	decode_token_done	0	0	0	0	0	0	0	0	0	353_J_decode_token_done.smaps_rollup	subgraphs=33
