ts	rss_kb	hwm_kb	pss_kb	minor	major
1781901160.027356354	18084	23892	22807	5371	0
1781901160.111700123	35504	37884	31320	9750	0
1781901160.189679881	53696	54224	50281	14503	0
1781901160.270511721	79480	79480	74956	20496	0
1781901160.402504114	70812	80156	66042	21387	0
1781901160.535468126	70812	80156	66188	21423	0
1781901160.610828787	70812	80156	66186	21423	0
1781901160.691789968	75824	80156	71270	22694	0
1781901160.789340688	154460	164756	163792	54215	0
1781901160.983986512	345860	345860	353568	95170	0
1781901161.157379909	632564	636788	647655	166801	0
1781901161.347719203	844820	849044	863432	221793	0
1781901161.433720895	1056812	1061036	1076906	275177	0
1781901161.523000552	1131788	1131788	1127084	286392	0
1781901161.616339782	1348520	1373864	1428327	291426	0
1781901161.719765439	1872024	1880472	1955680	300991	1
1781901161.819388621	2712388	2791408	2941794	319577	11
1781901161.980954636	3632920	3649816	3799640	333860	16
1781901162.175917084	4294392	4307064	4448231	345282	24
1781901162.283768113	4940432	4956760	5215734	360560	26
1781901162.448672149	5635556	5635556	5638060	364441	26
1781901162.620364839	5638284	5638284	5641023	365022	26
1781901162.795026870	5638284	5638284	5641020	365022	26
1781901162.944315527	5638284	5638284	5641019	365022	26
1781901163.197964466	5638284	5638284	5641027	365022	26
1781901163.325382343	5638284	5638284	5641026	365022	26
1781901163.527777070	5638284	5638284	5641021	365022	26
1781901163.780396889	5638284	5638284	5641026	365022	26
1781901163.934975633	5638284	5638284	5641019	365022	26
1781901164.158619352	5638284	5638284	5641023	365022	26
1781901164.413210039	5638284	5638284	5641025	365022	26
1781901164.619817763	5638284	5638284	5641027	365022	26
1781901164.754627573	5638284	5638284	5641027	365022	26
1781901164.880569474	5638284	5638284	5641027	365022	26
1781901165.032837647	5639864	5639864	5642711	365428	26
1781901165.180889160	5639864	5639864	5642708	365428	26
1781901165.400489247	5639864	5639864	5642707	365428	26
1781901165.565707141	5639864	5639864	5642713	365429	26
1781901165.737398714	5639864	5639864	5642715	365429	26
1781901165.898873171	5639864	5639864	5642710	365429	26
1781901166.065014358	5639864	5639864	5642716	365429	26
1781901166.204777907	5639864	5639864	5642709	365429	26
1781901166.442975838	5639864	5639864	5642774	365430	26
1781901166.639211724	5639864	5639864	5642776	365430	26
1781901166.897620582	5639864	5639864	5642774	365430	26
1781901167.029288279	5639864	5639864	5642845	365433	26
1781901167.149725584	5639864	5639864	5642850	365433	26
1781901167.293037786	5639864	5639864	5642848	365433	26
1781901167.450520347	5639864	5639864	5642856	365435	26
1781901167.597852063	5639864	5639864	5642911	365435	26
1781901167.759112937	5639864	5639864	5642918	365435	26
1781901167.875040486	5639864	5639864	5642918	365435	26
1781901168.070562438	5639864	5639864	5642983	365436	26
1781901168.187370607	5639864	5639864	5642980	365436	26
1781901168.351335917	5639864	5639864	5642976	365436	26
1781901168.520288461	5639864	5639864	5643039	365437	26
1781901168.703829674	5639864	5639864	5643046	365437	26
1781901168.938154166	5639864	5639864	5643042	365438	26
1781901169.073036410	5639864	5639864	5643107	365438	26
1781901169.196548505	5639864	5639864	5643103	365438	26
1781901169.406882067	5639864	5639864	5643111	365438	26
1781901169.550487765	5639864	5639864	5643111	365438	26
1781901169.776468368	5639864	5639864	5643110	365438	26
1781901170.035011051	5639864	5639864	5643112	365438	26
1781901170.173135022	5639864	5639864	5643110	365438	26
1781901170.429185754	5639864	5639864	5643110	365438	26
1781901170.576634175	5639864	5639864	5643166	365439	26
1781901170.911520105	5639864	5639864	5643174	365439	26
1781901171.050058134	5639864	5639864	5643171	365439	26
1781901171.193865033	5639864	5639864	5643238	365440	26
1781901171.380069952	5639864	5639864	5643237	365440	26
1781901171.544525519	5639864	5639864	5643293	365441	26
1781901171.841052698	5639864	5639864	5643302	365441	26
1781901172.162106209	5639864	5639864	5643304	365443	26
1781901172.332758721	5639864	5639864	5643365	365443	26
1781901172.637273676	5639864	5639864	5643369	365443	26
1781901172.807328508	5639864	5639864	5643432	365444	26
1781901172.930631847	5639864	5639864	5643430	365444	26
1781901173.097053241	5639864	5639864	5643435	365444	26
1781901173.312924036	5639864	5639864	5643495	365445	26
1781901173.680361094	5639864	5639864	5643499	365445	26
1781901173.790897050	5639864	5639864	5643499	365445	26
1781901173.899732742	5639864	5639864	5643499	365445	26
1781901174.147020659	5639864	5639864	5643490	365445	26
1781901174.267885666	5639864	5639864	5643494	365445	26
1781901174.379317221	5639864	5639864	5643499	365445	26
1781901174.559182210	5639864	5639864	5643559	365446	26
1781901174.771450886	5639864	5639864	5643558	365446	26
1781901174.956225313	5639864	5639864	5643565	365446	26
1781901175.160750605	5639864	5639864	5643623	365447	26
1781901175.323637881	5639864	5639864	5643626	365447	26
1781901175.480636375	5639864	5639864	5643626	365447	26
1781901175.660374502	5639864	5639864	5643623	365447	26
1781901175.840918662	5639864	5639864	5643625	365447	26
1781901175.986772914	5639864	5639864	5643623	365447	26
1781901176.229978559	5639864	5639864	5643621	365447	26
1781901176.484868423	5639864	5639864	5643628	365447	26
1781901176.617492170	5639864	5639864	5643627	365447	26
1781901176.805433508	5639864	5639864	5643628	365447	26
1781901176.936491044	5639864	5639864	5643619	365447	26
1781901177.057876831	5639864	5639864	5643624	365447	26
1781901177.213164833	5639864	5639864	5643624	365447	26
1781901177.407850713	5639864	5639864	5643627	365447	26
1781901177.544735326	5639864	5639864	5643626	365447	26
1781901177.704340985	5639864	5639864	5643626	365447	26
1781901177.866531484	5639864	5639864	5643687	365448	26
1781901178.172396936	5639864	5639864	5643687	365448	26
1781901178.389060127	5639864	5639864	5643750	365449	26
1781901178.624960303	5639864	5639864	5643755	365449	26
1781901178.747060718	5639864	5639864	5643755	365449	26
1781901178.871648983	5639864	5639864	5643755	365449	26
1781901179.062711576	5639864	5639864	5643753	365449	26
1781901179.232253953	5639864	5639864	5643755	365449	26
1781901179.395687627	5639864	5639864	5643750	365449	26
1781901179.548206622	5639864	5639864	5643757	365450	26
1781901179.790307015	5639864	5639864	5643756	365450	26
1781901179.959127044	5639864	5639864	5643750	365451	26
1781901180.275953484	5641088	5641088	5643821	365451	26
1781901180.386302252	5641088	5641088	5643817	365451	26
1781901180.507303650	5641088	5641088	5643817	365451	26
1781901180.693057964	5641088	5641088	5643822	365452	26
1781901180.868024124	5641088	5641088	5643881	365452	26
1781901181.189272135	5641088	5641088	5643887	365452	26
1781901181.314212398	5641088	5641088	5643885	365452	26
1781901181.434444987	3777612	5644500	80855	365457	26
1781901181.535418327	81468	5644500	80855	365457	26
