group	tag	run	rc	budget_mb	workers	threads	cooldown_tokens	pinned_fraction	peak_mb	elapsed_s	max_rss_kb	vol_cs	invol_cs	pp_tps	tg_tps	streams	hits	evictions	resident_mib	sidecar_read_mib	sidecar_read_count	moe_total_us	cache_lookup_us	victim_select_us	sidecar_submit_us	sidecar_wait_us	sidecar_read_us	q2_unpack_us	cache_hit	cache_miss	prefetch_hit	prefetch_late	prefetch_unused	reload_1tok	reload_4tok	thrash_4tok_per_evict
pinned	p0mb	1	0	1024	1	6	0	0.000000	1133	0:10.90	2145452	8882	358	15.98	8.17	4503	23073	3762	1022.9	6215.811	4503	3323466	2	282317	0	0	3001751	0	16416	4503	0	0	0	930	1716	0.456140
pinned	p0mb	2	0	1024	1	6	0	0.000000	1133	0:10.85	2149196	8275	293	17.02	8.27	4503	23073	3762	1022.9	6215.811	4503	3313706	4	255348	0	0	3024398	0	16416	4503	0	0	0	930	1716	0.456140
pinned	p0mb	3	0	1024	1	6	0	0.000000	1133	0:10.95	2148908	8236	147	16.82	8.17	4503	23073	3762	1022.9	6215.811	4503	3373551	14	283849	0	0	3051369	0	16416	4503	0	0	0	930	1716	0.456140
pinned	p128mb	1	0	1024	1	6	0	0.125000	1132	0:10.92	2150316	7998	213	17.11	8.16	4500	23076	3759	1022.9	6211.670	4500	3320099	0	263801	0	0	3018071	0	16419	4500	0	0	0	927	1713	0.455706
pinned	p128mb	2	0	1024	1	6	0	0.125000	1133	0:10.86	2149480	9021	173	17.11	8.20	4500	23076	3759	1022.9	6211.670	4500	3288986	18	261684	0	0	2990144	0	16419	4500	0	0	0	927	1713	0.455706
pinned	p128mb	3	0	1024	1	6	0	0.125000	1133	0:10.78	2149300	8332	174	17.21	8.25	4500	23076	3759	1022.9	6211.670	4500	3268080	6	248203	0	0	2986155	0	16419	4500	0	0	0	927	1713	0.455706
pinned	p256mb	1	0	1024	1	6	0	0.250000	1133	0:10.68	2149892	8414	192	17.45	8.29	4500	23076	3759	1022.9	6211.670	4500	3209581	15	241873	0	0	2931847	0	16419	4500	0	0	0	927	1713	0.455706
pinned	p256mb	2	0	1024	1	6	0	0.250000	1133	0:10.75	2145688	7853	241	17.16	8.29	4500	23076	3759	1022.9	6211.670	4500	3216848	9	241321	0	0	2940611	0	16419	4500	0	0	0	927	1713	0.455706
pinned	p256mb	3	0	1024	1	6	0	0.250000	1133	0:10.79	2149816	8622	193	17.28	8.23	4500	23076	3759	1022.9	6211.670	4500	3233875	0	241603	0	0	2958393	0	16419	4500	0	0	0	927	1713	0.455706
pinned	p356mb	1	0	1024	1	6	0	0.347656	1133	0:10.71	2149804	8183	224	17.49	8.28	4500	23076	3759	1022.9	6211.670	4500	3222304	14	241844	0	0	2946131	0	16419	4500	0	0	0	927	1713	0.455706
pinned	p356mb	2	0	1024	1	6	0	0.347656	1133	0:10.95	2149860	8180	352	17.17	8.16	4500	23076	3759	1022.9	6211.670	4500	3378640	1	263003	0	0	3077364	0	16419	4500	0	0	0	927	1713	0.455706
pinned	p356mb	3	0	1024	1	6	0	0.347656	1133	0:10.94	2145624	8569	142	16.97	8.17	4500	23076	3759	1022.9	6211.670	4500	3312573	0	261617	0	0	3013245	0	16419	4500	0	0	0	927	1713	0.455706
pinned	p512mb	1	0	1024	1	6	0	0.500000	1133	0:11.00	2145536	9138	203	16.91	8.11	4503	23073	3762	1022.9	6215.811	4503	3337147	15	252170	0	0	3045481	0	16416	4503	0	0	0	930	1716	0.456140
pinned	p512mb	2	0	1024	1	6	0	0.500000	1133	0:10.73	2144652	7711	165	17.36	8.27	4503	23073	3762	1022.9	6215.811	4503	3236091	0	233878	0	0	2968404	0	16416	4503	0	0	0	930	1716	0.456140
pinned	p512mb	3	0	1024	1	6	0	0.500000	1133	0:10.77	2145700	8391	178	17.36	8.22	4503	23073	3762	1022.9	6215.811	4503	3231450	8	235649	0	0	2960607	0	16416	4503	0	0	0	930	1716	0.456140
workers	t4_w1	1	0	1024	1	4	0	0	1132	0:13.30	2149832	4100	110	13.42	6.57	4503	23073	3762	1022.9	6215.811	4503	3247449	8	259255	0	0	2955018	0	16416	4503	0	0	0	930	1716	0.456140
workers	t4_w1	2	0	1024	1	4	0	0	1133	0:13.39	2150012	3769	117	13.64	6.50	4503	23073	3762	1022.9	6215.811	4503	3229780	42	260541	0	0	2934551	0	16416	4503	0	0	0	930	1716	0.456140
workers	t4_w1	3	0	1024	1	4	0	0	1132	0:13.39	2149832	4113	82	13.54	6.49	4503	23073	3762	1022.9	6215.811	4503	3253132	0	256438	0	0	2964119	0	16416	4503	0	0	0	930	1716	0.456140
workers	t4_w2	1	0	1024	2	4	0	0	1133	0:13.35	2150112	3949	132	13.61	6.53	4503	23073	3762	1022.9	6215.811	4503	3221355	4	254598	0	0	2933331	0	16416	4503	0	0	0	930	1716	0.456140
workers	t4_w2	2	0	1024	2	4	0	0	1132	0:13.50	2145804	4326	78	13.31	6.47	4503	23073	3762	1022.9	6215.811	4503	3385652	6	282631	0	0	3066151	0	16416	4503	0	0	0	930	1716	0.456140
workers	t4_w2	3	0	1024	2	4	0	0	1133	0:13.63	2150068	4023	83	13.25	6.41	4503	23073	3762	1022.9	6215.811	4503	3387168	4	278540	0	0	3072020	0	16416	4503	0	0	0	930	1716	0.456140
workers	t4_w4	1	0	1024	4	4	0	0	1133	0:13.43	2150188	3855	98	13.43	6.53	4503	23073	3762	1022.9	6215.811	4503	3389548	10	281507	0	0	3070738	0	16416	4503	0	0	0	930	1716	0.456140
workers	t4_w4	2	0	1024	4	4	0	0	1133	0:13.32	2150008	4089	99	13.60	6.55	4503	23073	3762	1022.9	6215.811	4503	3205567	1	254421	0	0	2918748	0	16416	4503	0	0	0	930	1716	0.456140
workers	t4_w4	3	0	1024	4	4	0	0	1132	0:13.24	2149772	3664	100	13.81	6.57	4503	23073	3762	1022.9	6215.811	4503	3163233	31	251728	0	0	2878784	0	16416	4503	0	0	0	930	1716	0.456140
workers	t6_w1	1	0	1024	1	6	0	0	1133	0:10.95	2145824	7313	156	16.99	8.12	4503	23073	3762	1022.9	6215.811	4503	3387582	12	285974	0	0	3064490	0	16416	4503	0	0	0	930	1716	0.456140
workers	t6_w1	2	0	1024	1	6	0	0	1133	0:11.08	2145080	8004	285	16.78	8.04	4503	23073	3762	1022.9	6215.811	4503	3428141	14	288666	0	0	3102981	0	16416	4503	0	0	0	930	1716	0.456140
workers	t6_w1	3	0	1024	1	6	0	0	1133	0:10.97	2150100	8145	218	16.81	8.15	4503	23073	3762	1022.9	6215.811	4503	3389408	8	278927	0	0	3075554	0	16416	4503	0	0	0	930	1716	0.456140
workers	t6_w2	1	0	1024	2	6	0	0	1133	0:10.84	2149628	8548	155	17.21	8.23	4503	23073	3762	1022.9	6215.811	4503	3252399	407	261887	0	0	2954858	0	16416	4503	0	0	0	930	1716	0.456140
workers	t6_w2	2	0	1024	2	6	0	0	1133	0:10.79	2148980	7512	165	17.25	8.23	4503	23073	3762	1022.9	6215.811	4503	3184776	23	261114	0	0	2889907	0	16416	4503	0	0	0	930	1716	0.456140
workers	t6_w2	3	0	1024	2	6	0	0	1133	0:10.95	2148864	9410	383	16.77	8.16	4503	23073	3762	1022.9	6215.811	4503	3420429	0	286031	0	0	3096193	0	16416	4503	0	0	0	930	1716	0.456140
workers	t6_w4	1	0	1024	4	6	0	0	1133	0:10.90	2145708	8880	150	16.66	8.17	4503	23073	3762	1022.9	6215.811	4503	3368186	10	279693	0	0	3050475	0	16416	4503	0	0	0	930	1716	0.456140
workers	t6_w4	2	0	1024	4	6	0	0	1133	0:10.75	2144980	8763	247	17.16	8.26	4503	23073	3762	1022.9	6215.811	4503	3224809	0	259783	0	0	2926659	0	16416	4503	0	0	0	930	1716	0.456140
workers	t6_w4	3	0	1024	4	6	0	0	1133	0:10.77	2150116	8035	261	17.25	8.23	4503	23073	3762	1022.9	6215.811	4503	3201545	0	257963	0	0	2907083	0	16416	4503	0	0	0	930	1716	0.456140
workers	t8_w1	1	0	1024	1	8	0	0	1133	0:09.61	2144260	13061	1749	20.05	9.38	4503	23073	3762	1022.9	6215.811	4503	3228270	5	263006	0	0	2932499	0	16416	4503	0	0	0	930	1716	0.456140
workers	t8_w1	2	0	1024	1	8	0	0	1133	0:10.12	2149068	13273	2265	20.10	8.95	4503	23073	3762	1022.9	6215.811	4503	3246340	12	269932	0	0	2943435	0	16416	4503	0	0	0	930	1716	0.456140
workers	t8_w1	3	0	1024	1	8	0	0	1133	0:09.77	2149856	11994	2162	19.95	9.53	4503	23073	3762	1022.9	6215.811	4503	3239359	13	262652	0	0	2944113	0	16416	4503	0	0	0	930	1716	0.456140
workers	t8_w2	1	0	1024	2	8	0	0	1133	0:09.87	2148580	11690	1865	19.21	9.34	4503	23073	3762	1022.9	6215.811	4503	3383610	0	286429	0	0	3061476	0	16416	4503	0	0	0	930	1716	0.456140
workers	t8_w2	2	0	1024	2	8	0	0	1133	0:09.71	2150188	11079	1640	19.73	9.32	4503	23073	3762	1022.9	6215.811	4503	3385290	0	284504	0	0	3064593	0	16416	4503	0	0	0	930	1716	0.456140
workers	t8_w2	3	0	1024	2	8	0	0	1133	0:09.71	2145092	12662	1848	19.63	9.27	4503	23073	3762	1022.9	6215.811	4503	3301026	17	271554	0	0	2994323	0	16416	4503	0	0	0	930	1716	0.456140
workers	t8_w4	1	0	1024	4	8	0	0	1133	0:09.45	2145796	12189	1563	19.96	9.54	4503	23073	3762	1022.9	6215.811	4503	3207588	0	261292	0	0	2913869	0	16416	4503	0	0	0	930	1716	0.456140
workers	t8_w4	2	0	1024	4	8	0	0	1133	0:09.47	2147560	13618	1642	20.04	9.51	4503	23073	3762	1022.9	6215.811	4503	3200784	15	259817	0	0	2908490	0	16416	4503	0	0	0	930	1716	0.456140
workers	t8_w4	3	0	1024	4	8	0	0	1133	0:09.70	2149556	12537	1673	19.25	9.40	4503	23073	3762	1022.9	6215.811	4503	3305697	3	264106	0	0	3008185	0	16416	4503	0	0	0	930	1716	0.456140
