workload_index	request_id	prompt_file	bucket	chars
0	sharegpt_001106	eam-workload/processed/prompts_1k/0000_sharegpt_001106.txt	long	1412
1	sharegpt_000049	eam-workload/processed/prompts_1k/0001_sharegpt_000049.txt	medium	272
2	sharegpt_001767	eam-workload/processed/prompts_1k/0002_sharegpt_001767.txt	long	1833
3	sharegpt_001914	eam-workload/processed/prompts_1k/0003_sharegpt_001914.txt	short	180
4	sharegpt_000364	eam-workload/processed/prompts_1k/0004_sharegpt_000364.txt	short	44
5	sharegpt_000207	eam-workload/processed/prompts_1k/0005_sharegpt_000207.txt	short	66
6	sharegpt_000737	eam-workload/processed/prompts_1k/0006_sharegpt_000737.txt	short	47
7	sharegpt_000164	eam-workload/processed/prompts_1k/0007_sharegpt_000164.txt	medium	784
8	sharegpt_000109	eam-workload/processed/prompts_1k/0008_sharegpt_000109.txt	long	1992
9	sharegpt_001848	eam-workload/processed/prompts_1k/0009_sharegpt_001848.txt	short	128
10	sharegpt_000806	eam-workload/processed/prompts_1k/0010_sharegpt_000806.txt	medium	715
11	sharegpt_000076	eam-workload/processed/prompts_1k/0011_sharegpt_000076.txt	medium	484
12	sharegpt_000409	eam-workload/processed/prompts_1k/0012_sharegpt_000409.txt	long	1252
13	sharegpt_001030	eam-workload/processed/prompts_1k/0013_sharegpt_001030.txt	short	132
14	sharegpt_001681	eam-workload/processed/prompts_1k/0014_sharegpt_001681.txt	medium	564
15	sharegpt_000462	eam-workload/processed/prompts_1k/0015_sharegpt_000462.txt	short	133
16	sharegpt_000511	eam-workload/processed/prompts_1k/0016_sharegpt_000511.txt	medium	424
17	sharegpt_000802	eam-workload/processed/prompts_1k/0017_sharegpt_000802.txt	medium	645
18	sharegpt_000081	eam-workload/processed/prompts_1k/0018_sharegpt_000081.txt	short	54
19	sharegpt_000228	eam-workload/processed/prompts_1k/0019_sharegpt_000228.txt	medium	753
20	sharegpt_001191	eam-workload/processed/prompts_1k/0020_sharegpt_001191.txt	long	1960
21	sharegpt_000537	eam-workload/processed/prompts_1k/0021_sharegpt_000537.txt	long	1114
22	sharegpt_001958	eam-workload/processed/prompts_1k/0022_sharegpt_001958.txt	medium	340
23	sharegpt_001060	eam-workload/processed/prompts_1k/0023_sharegpt_001060.txt	short	54
24	sharegpt_001937	eam-workload/processed/prompts_1k/0024_sharegpt_001937.txt	short	30
25	sharegpt_001380	eam-workload/processed/prompts_1k/0025_sharegpt_001380.txt	short	32
26	sharegpt_001957	eam-workload/processed/prompts_1k/0026_sharegpt_001957.txt	long	1162
27	sharegpt_001524	eam-workload/processed/prompts_1k/0027_sharegpt_001524.txt	medium	459
28	sharegpt_000487	eam-workload/processed/prompts_1k/0028_sharegpt_000487.txt	short	44
29	sharegpt_001172	eam-workload/processed/prompts_1k/0029_sharegpt_001172.txt	long	1554
30	sharegpt_000397	eam-workload/processed/prompts_1k/0030_sharegpt_000397.txt	medium	274
31	sharegpt_000827	eam-workload/processed/prompts_1k/0031_sharegpt_000827.txt	long	1288
32	sharegpt_000760	eam-workload/processed/prompts_1k/0032_sharegpt_000760.txt	long	1092
33	sharegpt_001603	eam-workload/processed/prompts_1k/0033_sharegpt_001603.txt	short	33
34	sharegpt_001334	eam-workload/processed/prompts_1k/0034_sharegpt_001334.txt	short	96
35	sharegpt_000791	eam-workload/processed/prompts_1k/0035_sharegpt_000791.txt	medium	425
36	sharegpt_001435	eam-workload/processed/prompts_1k/0036_sharegpt_001435.txt	medium	237
37	sharegpt_000482	eam-workload/processed/prompts_1k/0037_sharegpt_000482.txt	medium	1000
38	sharegpt_001108	eam-workload/processed/prompts_1k/0038_sharegpt_001108.txt	short	31
39	sharegpt_000620	eam-workload/processed/prompts_1k/0039_sharegpt_000620.txt	medium	506
40	sharegpt_000080	eam-workload/processed/prompts_1k/0040_sharegpt_000080.txt	medium	843
41	sharegpt_001304	eam-workload/processed/prompts_1k/0041_sharegpt_001304.txt	short	45
42	sharegpt_000858	eam-workload/processed/prompts_1k/0042_sharegpt_000858.txt	short	89
43	sharegpt_001853	eam-workload/processed/prompts_1k/0043_sharegpt_001853.txt	long	2108
44	sharegpt_001581	eam-workload/processed/prompts_1k/0044_sharegpt_001581.txt	short	63
45	sharegpt_001153	eam-workload/processed/prompts_1k/0045_sharegpt_001153.txt	short	73
46	sharegpt_001516	eam-workload/processed/prompts_1k/0046_sharegpt_001516.txt	medium	281
47	sharegpt_000133	eam-workload/processed/prompts_1k/0047_sharegpt_000133.txt	short	50
48	sharegpt_001466	eam-workload/processed/prompts_1k/0048_sharegpt_001466.txt	medium	285
49	sharegpt_001109	eam-workload/processed/prompts_1k/0049_sharegpt_001109.txt	long	2615
50	sharegpt_000194	eam-workload/processed/prompts_1k/0050_sharegpt_000194.txt	medium	423
51	sharegpt_000838	eam-workload/processed/prompts_1k/0051_sharegpt_000838.txt	short	74
52	sharegpt_000151	eam-workload/processed/prompts_1k/0052_sharegpt_000151.txt	medium	462
53	sharegpt_000058	eam-workload/processed/prompts_1k/0053_sharegpt_000058.txt	medium	230
54	sharegpt_001682	eam-workload/processed/prompts_1k/0054_sharegpt_001682.txt	long	2114
55	sharegpt_000886	eam-workload/processed/prompts_1k/0055_sharegpt_000886.txt	medium	255
56	sharegpt_000457	eam-workload/processed/prompts_1k/0056_sharegpt_000457.txt	short	25
57	sharegpt_000896	eam-workload/processed/prompts_1k/0057_sharegpt_000896.txt	medium	615
58	sharegpt_001539	eam-workload/processed/prompts_1k/0058_sharegpt_001539.txt	long	1573
59	sharegpt_001560	eam-workload/processed/prompts_1k/0059_sharegpt_001560.txt	medium	247
60	sharegpt_000332	eam-workload/processed/prompts_1k/0060_sharegpt_000332.txt	medium	309
61	sharegpt_000987	eam-workload/processed/prompts_1k/0061_sharegpt_000987.txt	short	57
62	sharegpt_001185	eam-workload/processed/prompts_1k/0062_sharegpt_001185.txt	short	136
63	sharegpt_001115	eam-workload/processed/prompts_1k/0063_sharegpt_001115.txt	medium	413
64	sharegpt_001086	eam-workload/processed/prompts_1k/0064_sharegpt_001086.txt	medium	427
65	sharegpt_000709	eam-workload/processed/prompts_1k/0065_sharegpt_000709.txt	long	1452
66	sharegpt_001047	eam-workload/processed/prompts_1k/0066_sharegpt_001047.txt	short	62
67	sharegpt_001423	eam-workload/processed/prompts_1k/0067_sharegpt_001423.txt	short	122
68	sharegpt_001234	eam-workload/processed/prompts_1k/0068_sharegpt_001234.txt	short	99
69	sharegpt_001427	eam-workload/processed/prompts_1k/0069_sharegpt_001427.txt	medium	469
70	sharegpt_001202	eam-workload/processed/prompts_1k/0070_sharegpt_001202.txt	medium	289
71	sharegpt_000193	eam-workload/processed/prompts_1k/0071_sharegpt_000193.txt	medium	220
72	sharegpt_001453	eam-workload/processed/prompts_1k/0072_sharegpt_001453.txt	short	47
73	sharegpt_000624	eam-workload/processed/prompts_1k/0073_sharegpt_000624.txt	long	1712
74	sharegpt_001209	eam-workload/processed/prompts_1k/0074_sharegpt_001209.txt	short	61
75	sharegpt_001165	eam-workload/processed/prompts_1k/0075_sharegpt_001165.txt	medium	408
76	sharegpt_001917	eam-workload/processed/prompts_1k/0076_sharegpt_001917.txt	short	122
77	sharegpt_001723	eam-workload/processed/prompts_1k/0077_sharegpt_001723.txt	long	1836
78	sharegpt_001654	eam-workload/processed/prompts_1k/0078_sharegpt_001654.txt	long	2556
79	sharegpt_000885	eam-workload/processed/prompts_1k/0079_sharegpt_000885.txt	short	45
80	sharegpt_000556	eam-workload/processed/prompts_1k/0080_sharegpt_000556.txt	short	37
81	sharegpt_001001	eam-workload/processed/prompts_1k/0081_sharegpt_001001.txt	short	37
82	sharegpt_001082	eam-workload/processed/prompts_1k/0082_sharegpt_001082.txt	short	54
83	sharegpt_000368	eam-workload/processed/prompts_1k/0083_sharegpt_000368.txt	short	56
84	sharegpt_001184	eam-workload/processed/prompts_1k/0084_sharegpt_001184.txt	short	26
85	sharegpt_000748	eam-workload/processed/prompts_1k/0085_sharegpt_000748.txt	medium	206
86	sharegpt_001762	eam-workload/processed/prompts_1k/0086_sharegpt_001762.txt	long	1421
87	sharegpt_000883	eam-workload/processed/prompts_1k/0087_sharegpt_000883.txt	medium	261
88	sharegpt_001059	eam-workload/processed/prompts_1k/0088_sharegpt_001059.txt	short	122
89	sharegpt_000300	eam-workload/processed/prompts_1k/0089_sharegpt_000300.txt	medium	548
90	sharegpt_001326	eam-workload/processed/prompts_1k/0090_sharegpt_001326.txt	short	21
91	sharegpt_000587	eam-workload/processed/prompts_1k/0091_sharegpt_000587.txt	short	137
92	sharegpt_000068	eam-workload/processed/prompts_1k/0092_sharegpt_000068.txt	short	75
93	sharegpt_001594	eam-workload/processed/prompts_1k/0093_sharegpt_001594.txt	short	58
94	sharegpt_000431	eam-workload/processed/prompts_1k/0094_sharegpt_000431.txt	medium	491
95	sharegpt_000657	eam-workload/processed/prompts_1k/0095_sharegpt_000657.txt	medium	364
96	sharegpt_000047	eam-workload/processed/prompts_1k/0096_sharegpt_000047.txt	short	105
97	sharegpt_001663	eam-workload/processed/prompts_1k/0097_sharegpt_001663.txt	medium	961
98	sharegpt_001655	eam-workload/processed/prompts_1k/0098_sharegpt_001655.txt	medium	333
99	sharegpt_000497	eam-workload/processed/prompts_1k/0099_sharegpt_000497.txt	short	52
100	sharegpt_001203	eam-workload/processed/prompts_1k/0100_sharegpt_001203.txt	medium	655
101	sharegpt_001295	eam-workload/processed/prompts_1k/0101_sharegpt_001295.txt	short	93
102	sharegpt_001778	eam-workload/processed/prompts_1k/0102_sharegpt_001778.txt	medium	634
103	sharegpt_001733	eam-workload/processed/prompts_1k/0103_sharegpt_001733.txt	long	1307
104	sharegpt_000665	eam-workload/processed/prompts_1k/0104_sharegpt_000665.txt	medium	648
105	sharegpt_001578	eam-workload/processed/prompts_1k/0105_sharegpt_001578.txt	medium	208
106	sharegpt_000163	eam-workload/processed/prompts_1k/0106_sharegpt_000163.txt	medium	324
107	sharegpt_000697	eam-workload/processed/prompts_1k/0107_sharegpt_000697.txt	medium	318
108	sharegpt_001502	eam-workload/processed/prompts_1k/0108_sharegpt_001502.txt	short	53
109	sharegpt_000015	eam-workload/processed/prompts_1k/0109_sharegpt_000015.txt	medium	244
110	sharegpt_000695	eam-workload/processed/prompts_1k/0110_sharegpt_000695.txt	medium	405
111	sharegpt_001980	eam-workload/processed/prompts_1k/0111_sharegpt_001980.txt	long	1069
112	sharegpt_001057	eam-workload/processed/prompts_1k/0112_sharegpt_001057.txt	medium	223
113	sharegpt_001410	eam-workload/processed/prompts_1k/0113_sharegpt_001410.txt	medium	312
114	sharegpt_001574	eam-workload/processed/prompts_1k/0114_sharegpt_001574.txt	medium	347
115	sharegpt_000146	eam-workload/processed/prompts_1k/0115_sharegpt_000146.txt	medium	603
116	sharegpt_000834	eam-workload/processed/prompts_1k/0116_sharegpt_000834.txt	medium	290
117	sharegpt_001867	eam-workload/processed/prompts_1k/0117_sharegpt_001867.txt	medium	282
118	sharegpt_001258	eam-workload/processed/prompts_1k/0118_sharegpt_001258.txt	short	84
119	sharegpt_001748	eam-workload/processed/prompts_1k/0119_sharegpt_001748.txt	short	62
120	sharegpt_001314	eam-workload/processed/prompts_1k/0120_sharegpt_001314.txt	long	1268
121	sharegpt_000360	eam-workload/processed/prompts_1k/0121_sharegpt_000360.txt	medium	249
122	sharegpt_001825	eam-workload/processed/prompts_1k/0122_sharegpt_001825.txt	short	71
123	sharegpt_000495	eam-workload/processed/prompts_1k/0123_sharegpt_000495.txt	medium	496
124	sharegpt_000461	eam-workload/processed/prompts_1k/0124_sharegpt_000461.txt	long	1849
125	sharegpt_001376	eam-workload/processed/prompts_1k/0125_sharegpt_001376.txt	short	59
126	sharegpt_000182	eam-workload/processed/prompts_1k/0126_sharegpt_000182.txt	medium	230
127	sharegpt_000711	eam-workload/processed/prompts_1k/0127_sharegpt_000711.txt	short	119
128	sharegpt_001589	eam-workload/processed/prompts_1k/0128_sharegpt_001589.txt	medium	304
129	sharegpt_000097	eam-workload/processed/prompts_1k/0129_sharegpt_000097.txt	short	30
130	sharegpt_001237	eam-workload/processed/prompts_1k/0130_sharegpt_001237.txt	short	72
131	sharegpt_001664	eam-workload/processed/prompts_1k/0131_sharegpt_001664.txt	short	87
132	sharegpt_001537	eam-workload/processed/prompts_1k/0132_sharegpt_001537.txt	medium	325
133	sharegpt_000696	eam-workload/processed/prompts_1k/0133_sharegpt_000696.txt	short	191
134	sharegpt_001640	eam-workload/processed/prompts_1k/0134_sharegpt_001640.txt	short	26
135	sharegpt_001294	eam-workload/processed/prompts_1k/0135_sharegpt_001294.txt	long	1929
136	sharegpt_001462	eam-workload/processed/prompts_1k/0136_sharegpt_001462.txt	medium	251
137	sharegpt_000793	eam-workload/processed/prompts_1k/0137_sharegpt_000793.txt	long	2560
138	sharegpt_001801	eam-workload/processed/prompts_1k/0138_sharegpt_001801.txt	medium	631
139	sharegpt_000185	eam-workload/processed/prompts_1k/0139_sharegpt_000185.txt	short	136
140	sharegpt_000891	eam-workload/processed/prompts_1k/0140_sharegpt_000891.txt	long	2821
141	sharegpt_000648	eam-workload/processed/prompts_1k/0141_sharegpt_000648.txt	medium	263
142	sharegpt_000589	eam-workload/processed/prompts_1k/0142_sharegpt_000589.txt	long	2082
143	sharegpt_001927	eam-workload/processed/prompts_1k/0143_sharegpt_001927.txt	medium	496
144	sharegpt_001004	eam-workload/processed/prompts_1k/0144_sharegpt_001004.txt	long	1267
145	sharegpt_001741	eam-workload/processed/prompts_1k/0145_sharegpt_001741.txt	medium	276
146	sharegpt_001180	eam-workload/processed/prompts_1k/0146_sharegpt_001180.txt	short	82
147	sharegpt_000268	eam-workload/processed/prompts_1k/0147_sharegpt_000268.txt	medium	995
148	sharegpt_001951	eam-workload/processed/prompts_1k/0148_sharegpt_001951.txt	medium	207
149	sharegpt_000919	eam-workload/processed/prompts_1k/0149_sharegpt_000919.txt	long	1059
150	sharegpt_000947	eam-workload/processed/prompts_1k/0150_sharegpt_000947.txt	long	2029
151	sharegpt_000045	eam-workload/processed/prompts_1k/0151_sharegpt_000045.txt	medium	533
152	sharegpt_001252	eam-workload/processed/prompts_1k/0152_sharegpt_001252.txt	short	68
153	sharegpt_000730	eam-workload/processed/prompts_1k/0153_sharegpt_000730.txt	medium	323
154	sharegpt_000964	eam-workload/processed/prompts_1k/0154_sharegpt_000964.txt	short	85
155	sharegpt_001978	eam-workload/processed/prompts_1k/0155_sharegpt_001978.txt	medium	289
156	sharegpt_000796	eam-workload/processed/prompts_1k/0156_sharegpt_000796.txt	medium	996
157	sharegpt_000148	eam-workload/processed/prompts_1k/0157_sharegpt_000148.txt	short	37
158	sharegpt_000243	eam-workload/processed/prompts_1k/0158_sharegpt_000243.txt	short	45
159	sharegpt_000906	eam-workload/processed/prompts_1k/0159_sharegpt_000906.txt	short	67
160	sharegpt_001168	eam-workload/processed/prompts_1k/0160_sharegpt_001168.txt	short	30
161	sharegpt_000171	eam-workload/processed/prompts_1k/0161_sharegpt_000171.txt	short	48
162	sharegpt_001019	eam-workload/processed/prompts_1k/0162_sharegpt_001019.txt	medium	629
163	sharegpt_000551	eam-workload/processed/prompts_1k/0163_sharegpt_000551.txt	short	65
164	sharegpt_000794	eam-workload/processed/prompts_1k/0164_sharegpt_000794.txt	short	50
165	sharegpt_001335	eam-workload/processed/prompts_1k/0165_sharegpt_001335.txt	long	1058
166	sharegpt_001588	eam-workload/processed/prompts_1k/0166_sharegpt_001588.txt	short	32
167	sharegpt_000559	eam-workload/processed/prompts_1k/0167_sharegpt_000559.txt	medium	411
168	sharegpt_000937	eam-workload/processed/prompts_1k/0168_sharegpt_000937.txt	short	174
169	sharegpt_001196	eam-workload/processed/prompts_1k/0169_sharegpt_001196.txt	short	38
170	sharegpt_001965	eam-workload/processed/prompts_1k/0170_sharegpt_001965.txt	medium	239
171	sharegpt_001985	eam-workload/processed/prompts_1k/0171_sharegpt_001985.txt	short	51
172	sharegpt_001777	eam-workload/processed/prompts_1k/0172_sharegpt_001777.txt	short	48
173	sharegpt_000736	eam-workload/processed/prompts_1k/0173_sharegpt_000736.txt	medium	213
174	sharegpt_001860	eam-workload/processed/prompts_1k/0174_sharegpt_001860.txt	long	1250
175	sharegpt_000683	eam-workload/processed/prompts_1k/0175_sharegpt_000683.txt	short	104
176	sharegpt_001618	eam-workload/processed/prompts_1k/0176_sharegpt_001618.txt	long	3446
177	sharegpt_000413	eam-workload/processed/prompts_1k/0177_sharegpt_000413.txt	short	115
178	sharegpt_000293	eam-workload/processed/prompts_1k/0178_sharegpt_000293.txt	medium	480
179	sharegpt_001988	eam-workload/processed/prompts_1k/0179_sharegpt_001988.txt	short	124
180	sharegpt_001586	eam-workload/processed/prompts_1k/0180_sharegpt_001586.txt	medium	203
181	sharegpt_000195	eam-workload/processed/prompts_1k/0181_sharegpt_000195.txt	short	122
182	sharegpt_001284	eam-workload/processed/prompts_1k/0182_sharegpt_001284.txt	medium	511
183	sharegpt_000777	eam-workload/processed/prompts_1k/0183_sharegpt_000777.txt	short	32
184	sharegpt_000996	eam-workload/processed/prompts_1k/0184_sharegpt_000996.txt	medium	228
185	sharegpt_000575	eam-workload/processed/prompts_1k/0185_sharegpt_000575.txt	short	192
186	sharegpt_001836	eam-workload/processed/prompts_1k/0186_sharegpt_001836.txt	medium	575
187	sharegpt_000155	eam-workload/processed/prompts_1k/0187_sharegpt_000155.txt	long	1145
188	sharegpt_001270	eam-workload/processed/prompts_1k/0188_sharegpt_001270.txt	short	34
189	sharegpt_001222	eam-workload/processed/prompts_1k/0189_sharegpt_001222.txt	long	3290
190	sharegpt_001599	eam-workload/processed/prompts_1k/0190_sharegpt_001599.txt	short	50
191	sharegpt_000004	eam-workload/processed/prompts_1k/0191_sharegpt_000004.txt	long	2942
192	sharegpt_001850	eam-workload/processed/prompts_1k/0192_sharegpt_001850.txt	medium	962
193	sharegpt_001299	eam-workload/processed/prompts_1k/0193_sharegpt_001299.txt	long	2323
194	sharegpt_001066	eam-workload/processed/prompts_1k/0194_sharegpt_001066.txt	short	121
195	sharegpt_000637	eam-workload/processed/prompts_1k/0195_sharegpt_000637.txt	long	3345
196	sharegpt_001463	eam-workload/processed/prompts_1k/0196_sharegpt_001463.txt	medium	271
197	sharegpt_001912	eam-workload/processed/prompts_1k/0197_sharegpt_001912.txt	medium	481
198	sharegpt_000831	eam-workload/processed/prompts_1k/0198_sharegpt_000831.txt	short	53
199	sharegpt_001550	eam-workload/processed/prompts_1k/0199_sharegpt_001550.txt	short	24
200	sharegpt_001790	eam-workload/processed/prompts_1k/0200_sharegpt_001790.txt	short	94
201	sharegpt_000204	eam-workload/processed/prompts_1k/0201_sharegpt_000204.txt	medium	398
202	sharegpt_001195	eam-workload/processed/prompts_1k/0202_sharegpt_001195.txt	short	94
203	sharegpt_001099	eam-workload/processed/prompts_1k/0203_sharegpt_001099.txt	short	51
204	sharegpt_001996	eam-workload/processed/prompts_1k/0204_sharegpt_001996.txt	short	143
205	sharegpt_001013	eam-workload/processed/prompts_1k/0205_sharegpt_001013.txt	medium	377
206	sharegpt_000104	eam-workload/processed/prompts_1k/0206_sharegpt_000104.txt	short	74
207	sharegpt_001503	eam-workload/processed/prompts_1k/0207_sharegpt_001503.txt	medium	264
208	sharegpt_000824	eam-workload/processed/prompts_1k/0208_sharegpt_000824.txt	long	3838
209	sharegpt_001310	eam-workload/processed/prompts_1k/0209_sharegpt_001310.txt	long	2014
210	sharegpt_000678	eam-workload/processed/prompts_1k/0210_sharegpt_000678.txt	long	2195
211	sharegpt_001643	eam-workload/processed/prompts_1k/0211_sharegpt_001643.txt	short	91
212	sharegpt_000096	eam-workload/processed/prompts_1k/0212_sharegpt_000096.txt	short	94
213	sharegpt_000519	eam-workload/processed/prompts_1k/0213_sharegpt_000519.txt	short	128
214	sharegpt_001828	eam-workload/processed/prompts_1k/0214_sharegpt_001828.txt	short	107
215	sharegpt_001786	eam-workload/processed/prompts_1k/0215_sharegpt_001786.txt	medium	271
216	sharegpt_001171	eam-workload/processed/prompts_1k/0216_sharegpt_001171.txt	short	62
217	sharegpt_000833	eam-workload/processed/prompts_1k/0217_sharegpt_000833.txt	short	42
218	sharegpt_001697	eam-workload/processed/prompts_1k/0218_sharegpt_001697.txt	short	178
219	sharegpt_000295	eam-workload/processed/prompts_1k/0219_sharegpt_000295.txt	short	42
220	sharegpt_000395	eam-workload/processed/prompts_1k/0220_sharegpt_000395.txt	medium	233
221	sharegpt_001928	eam-workload/processed/prompts_1k/0221_sharegpt_001928.txt	medium	332
222	sharegpt_000850	eam-workload/processed/prompts_1k/0222_sharegpt_000850.txt	short	85
223	sharegpt_001602	eam-workload/processed/prompts_1k/0223_sharegpt_001602.txt	short	87
224	sharegpt_001351	eam-workload/processed/prompts_1k/0224_sharegpt_001351.txt	long	1834
225	sharegpt_001291	eam-workload/processed/prompts_1k/0225_sharegpt_001291.txt	short	96
226	sharegpt_000584	eam-workload/processed/prompts_1k/0226_sharegpt_000584.txt	short	39
227	sharegpt_000801	eam-workload/processed/prompts_1k/0227_sharegpt_000801.txt	long	1157
228	sharegpt_000873	eam-workload/processed/prompts_1k/0228_sharegpt_000873.txt	medium	345
229	sharegpt_000046	eam-workload/processed/prompts_1k/0229_sharegpt_000046.txt	short	33
230	sharegpt_001336	eam-workload/processed/prompts_1k/0230_sharegpt_001336.txt	medium	334
231	sharegpt_000275	eam-workload/processed/prompts_1k/0231_sharegpt_000275.txt	medium	388
232	sharegpt_000082	eam-workload/processed/prompts_1k/0232_sharegpt_000082.txt	short	102
233	sharegpt_001470	eam-workload/processed/prompts_1k/0233_sharegpt_001470.txt	medium	515
234	sharegpt_001773	eam-workload/processed/prompts_1k/0234_sharegpt_001773.txt	medium	279
235	sharegpt_000994	eam-workload/processed/prompts_1k/0235_sharegpt_000994.txt	medium	841
236	sharegpt_000444	eam-workload/processed/prompts_1k/0236_sharegpt_000444.txt	short	66
237	sharegpt_001224	eam-workload/processed/prompts_1k/0237_sharegpt_001224.txt	long	1945
238	sharegpt_001702	eam-workload/processed/prompts_1k/0238_sharegpt_001702.txt	long	1240
239	sharegpt_001141	eam-workload/processed/prompts_1k/0239_sharegpt_001141.txt	medium	259
240	sharegpt_001842	eam-workload/processed/prompts_1k/0240_sharegpt_001842.txt	short	99
241	sharegpt_000023	eam-workload/processed/prompts_1k/0241_sharegpt_000023.txt	medium	653
242	sharegpt_001707	eam-workload/processed/prompts_1k/0242_sharegpt_001707.txt	medium	718
243	sharegpt_000928	eam-workload/processed/prompts_1k/0243_sharegpt_000928.txt	medium	356
244	sharegpt_001083	eam-workload/processed/prompts_1k/0244_sharegpt_001083.txt	long	1098
245	sharegpt_001872	eam-workload/processed/prompts_1k/0245_sharegpt_001872.txt	long	1629
246	sharegpt_000424	eam-workload/processed/prompts_1k/0246_sharegpt_000424.txt	long	3825
247	sharegpt_000200	eam-workload/processed/prompts_1k/0247_sharegpt_000200.txt	short	109
248	sharegpt_000141	eam-workload/processed/prompts_1k/0248_sharegpt_000141.txt	medium	425
249	sharegpt_001347	eam-workload/processed/prompts_1k/0249_sharegpt_001347.txt	medium	724
250	sharegpt_000790	eam-workload/processed/prompts_1k/0250_sharegpt_000790.txt	short	35
251	sharegpt_000359	eam-workload/processed/prompts_1k/0251_sharegpt_000359.txt	short	92
252	sharegpt_001213	eam-workload/processed/prompts_1k/0252_sharegpt_001213.txt	short	123
253	sharegpt_000017	eam-workload/processed/prompts_1k/0253_sharegpt_000017.txt	short	108
254	sharegpt_001582	eam-workload/processed/prompts_1k/0254_sharegpt_001582.txt	medium	771
255	sharegpt_001569	eam-workload/processed/prompts_1k/0255_sharegpt_001569.txt	short	43
256	sharegpt_000150	eam-workload/processed/prompts_1k/0256_sharegpt_000150.txt	long	1122
257	sharegpt_000767	eam-workload/processed/prompts_1k/0257_sharegpt_000767.txt	medium	255
258	sharegpt_001805	eam-workload/processed/prompts_1k/0258_sharegpt_001805.txt	short	49
259	sharegpt_000564	eam-workload/processed/prompts_1k/0259_sharegpt_000564.txt	medium	293
260	sharegpt_001360	eam-workload/processed/prompts_1k/0260_sharegpt_001360.txt	medium	604
261	sharegpt_001724	eam-workload/processed/prompts_1k/0261_sharegpt_001724.txt	medium	319
262	sharegpt_001893	eam-workload/processed/prompts_1k/0262_sharegpt_001893.txt	short	143
263	sharegpt_001644	eam-workload/processed/prompts_1k/0263_sharegpt_001644.txt	medium	417
264	sharegpt_001651	eam-workload/processed/prompts_1k/0264_sharegpt_001651.txt	short	58
265	sharegpt_001154	eam-workload/processed/prompts_1k/0265_sharegpt_001154.txt	short	137
266	sharegpt_001422	eam-workload/processed/prompts_1k/0266_sharegpt_001422.txt	medium	251
267	sharegpt_001495	eam-workload/processed/prompts_1k/0267_sharegpt_001495.txt	short	88
268	sharegpt_001097	eam-workload/processed/prompts_1k/0268_sharegpt_001097.txt	medium	452
269	sharegpt_001306	eam-workload/processed/prompts_1k/0269_sharegpt_001306.txt	medium	408
270	sharegpt_000326	eam-workload/processed/prompts_1k/0270_sharegpt_000326.txt	medium	239
271	sharegpt_001063	eam-workload/processed/prompts_1k/0271_sharegpt_001063.txt	medium	279
272	sharegpt_001401	eam-workload/processed/prompts_1k/0272_sharegpt_001401.txt	medium	287
273	sharegpt_001552	eam-workload/processed/prompts_1k/0273_sharegpt_001552.txt	medium	673
274	sharegpt_001309	eam-workload/processed/prompts_1k/0274_sharegpt_001309.txt	medium	301
275	sharegpt_000059	eam-workload/processed/prompts_1k/0275_sharegpt_000059.txt	medium	499
276	sharegpt_000192	eam-workload/processed/prompts_1k/0276_sharegpt_000192.txt	short	25
277	sharegpt_001148	eam-workload/processed/prompts_1k/0277_sharegpt_001148.txt	medium	341
278	sharegpt_001940	eam-workload/processed/prompts_1k/0278_sharegpt_001940.txt	short	33
279	sharegpt_001676	eam-workload/processed/prompts_1k/0279_sharegpt_001676.txt	short	65
280	sharegpt_000661	eam-workload/processed/prompts_1k/0280_sharegpt_000661.txt	short	188
281	sharegpt_001200	eam-workload/processed/prompts_1k/0281_sharegpt_001200.txt	short	34
282	sharegpt_000727	eam-workload/processed/prompts_1k/0282_sharegpt_000727.txt	medium	272
283	sharegpt_000923	eam-workload/processed/prompts_1k/0283_sharegpt_000923.txt	long	1665
284	sharegpt_000168	eam-workload/processed/prompts_1k/0284_sharegpt_000168.txt	long	3164
285	sharegpt_000675	eam-workload/processed/prompts_1k/0285_sharegpt_000675.txt	medium	265
286	sharegpt_000627	eam-workload/processed/prompts_1k/0286_sharegpt_000627.txt	medium	292
287	sharegpt_000898	eam-workload/processed/prompts_1k/0287_sharegpt_000898.txt	long	1991
288	sharegpt_000844	eam-workload/processed/prompts_1k/0288_sharegpt_000844.txt	long	3681
289	sharegpt_001289	eam-workload/processed/prompts_1k/0289_sharegpt_001289.txt	medium	789
290	sharegpt_001737	eam-workload/processed/prompts_1k/0290_sharegpt_001737.txt	short	28
291	sharegpt_001622	eam-workload/processed/prompts_1k/0291_sharegpt_001622.txt	short	136
292	sharegpt_000278	eam-workload/processed/prompts_1k/0292_sharegpt_000278.txt	short	57
293	sharegpt_000117	eam-workload/processed/prompts_1k/0293_sharegpt_000117.txt	medium	349
294	sharegpt_001078	eam-workload/processed/prompts_1k/0294_sharegpt_001078.txt	long	2579
295	sharegpt_001000	eam-workload/processed/prompts_1k/0295_sharegpt_001000.txt	short	39
296	sharegpt_000577	eam-workload/processed/prompts_1k/0296_sharegpt_000577.txt	short	111
297	sharegpt_001087	eam-workload/processed/prompts_1k/0297_sharegpt_001087.txt	short	93
298	sharegpt_001458	eam-workload/processed/prompts_1k/0298_sharegpt_001458.txt	short	48
299	sharegpt_001072	eam-workload/processed/prompts_1k/0299_sharegpt_001072.txt	short	101
300	sharegpt_001736	eam-workload/processed/prompts_1k/0300_sharegpt_001736.txt	short	29
301	sharegpt_000642	eam-workload/processed/prompts_1k/0301_sharegpt_000642.txt	medium	277
302	sharegpt_000950	eam-workload/processed/prompts_1k/0302_sharegpt_000950.txt	medium	285
303	sharegpt_000297	eam-workload/processed/prompts_1k/0303_sharegpt_000297.txt	short	155
304	sharegpt_001484	eam-workload/processed/prompts_1k/0304_sharegpt_001484.txt	short	73
305	sharegpt_000542	eam-workload/processed/prompts_1k/0305_sharegpt_000542.txt	long	1728
306	sharegpt_001093	eam-workload/processed/prompts_1k/0306_sharegpt_001093.txt	long	2529
307	sharegpt_000289	eam-workload/processed/prompts_1k/0307_sharegpt_000289.txt	short	31
308	sharegpt_000602	eam-workload/processed/prompts_1k/0308_sharegpt_000602.txt	short	173
309	sharegpt_001067	eam-workload/processed/prompts_1k/0309_sharegpt_001067.txt	short	101
310	sharegpt_001233	eam-workload/processed/prompts_1k/0310_sharegpt_001233.txt	short	38
311	sharegpt_000515	eam-workload/processed/prompts_1k/0311_sharegpt_000515.txt	short	45
312	sharegpt_001218	eam-workload/processed/prompts_1k/0312_sharegpt_001218.txt	medium	530
313	sharegpt_001892	eam-workload/processed/prompts_1k/0313_sharegpt_001892.txt	long	1838
314	sharegpt_000800	eam-workload/processed/prompts_1k/0314_sharegpt_000800.txt	short	23
315	sharegpt_001984	eam-workload/processed/prompts_1k/0315_sharegpt_001984.txt	medium	697
316	sharegpt_001652	eam-workload/processed/prompts_1k/0316_sharegpt_001652.txt	medium	204
317	sharegpt_001838	eam-workload/processed/prompts_1k/0317_sharegpt_001838.txt	medium	255
318	sharegpt_000652	eam-workload/processed/prompts_1k/0318_sharegpt_000652.txt	short	69
319	sharegpt_001680	eam-workload/processed/prompts_1k/0319_sharegpt_001680.txt	short	21
320	sharegpt_001089	eam-workload/processed/prompts_1k/0320_sharegpt_001089.txt	short	84
321	sharegpt_000447	eam-workload/processed/prompts_1k/0321_sharegpt_000447.txt	medium	982
322	sharegpt_001256	eam-workload/processed/prompts_1k/0322_sharegpt_001256.txt	short	50
323	sharegpt_000217	eam-workload/processed/prompts_1k/0323_sharegpt_000217.txt	medium	644
324	sharegpt_001812	eam-workload/processed/prompts_1k/0324_sharegpt_001812.txt	short	31
325	sharegpt_001428	eam-workload/processed/prompts_1k/0325_sharegpt_001428.txt	long	3155
326	sharegpt_001243	eam-workload/processed/prompts_1k/0326_sharegpt_001243.txt	short	58
327	sharegpt_000872	eam-workload/processed/prompts_1k/0327_sharegpt_000872.txt	short	135
328	sharegpt_000764	eam-workload/processed/prompts_1k/0328_sharegpt_000764.txt	long	2118
329	sharegpt_001506	eam-workload/processed/prompts_1k/0329_sharegpt_001506.txt	medium	508
330	sharegpt_000744	eam-workload/processed/prompts_1k/0330_sharegpt_000744.txt	long	2161
331	sharegpt_001255	eam-workload/processed/prompts_1k/0331_sharegpt_001255.txt	medium	431
332	sharegpt_000224	eam-workload/processed/prompts_1k/0332_sharegpt_000224.txt	short	126
333	sharegpt_001363	eam-workload/processed/prompts_1k/0333_sharegpt_001363.txt	medium	648
334	sharegpt_000125	eam-workload/processed/prompts_1k/0334_sharegpt_000125.txt	long	1849
335	sharegpt_000959	eam-workload/processed/prompts_1k/0335_sharegpt_000959.txt	short	57
336	sharegpt_000546	eam-workload/processed/prompts_1k/0336_sharegpt_000546.txt	medium	751
337	sharegpt_001668	eam-workload/processed/prompts_1k/0337_sharegpt_001668.txt	medium	504
338	sharegpt_001016	eam-workload/processed/prompts_1k/0338_sharegpt_001016.txt	short	186
339	sharegpt_000843	eam-workload/processed/prompts_1k/0339_sharegpt_000843.txt	short	71
340	sharegpt_000712	eam-workload/processed/prompts_1k/0340_sharegpt_000712.txt	short	162
341	sharegpt_001719	eam-workload/processed/prompts_1k/0341_sharegpt_001719.txt	medium	246
342	sharegpt_001628	eam-workload/processed/prompts_1k/0342_sharegpt_001628.txt	short	200
343	sharegpt_001911	eam-workload/processed/prompts_1k/0343_sharegpt_001911.txt	short	64
344	sharegpt_000692	eam-workload/processed/prompts_1k/0344_sharegpt_000692.txt	short	63
345	sharegpt_000881	eam-workload/processed/prompts_1k/0345_sharegpt_000881.txt	medium	491
346	sharegpt_000972	eam-workload/processed/prompts_1k/0346_sharegpt_000972.txt	short	63
347	sharegpt_001359	eam-workload/processed/prompts_1k/0347_sharegpt_001359.txt	long	1950
348	sharegpt_000089	eam-workload/processed/prompts_1k/0348_sharegpt_000089.txt	short	42
349	sharegpt_001029	eam-workload/processed/prompts_1k/0349_sharegpt_001029.txt	medium	202
350	sharegpt_000362	eam-workload/processed/prompts_1k/0350_sharegpt_000362.txt	short	103
351	sharegpt_001075	eam-workload/processed/prompts_1k/0351_sharegpt_001075.txt	short	38
352	sharegpt_001796	eam-workload/processed/prompts_1k/0352_sharegpt_001796.txt	short	51
353	sharegpt_001126	eam-workload/processed/prompts_1k/0353_sharegpt_001126.txt	medium	488
354	sharegpt_000196	eam-workload/processed/prompts_1k/0354_sharegpt_000196.txt	medium	309
355	sharegpt_001611	eam-workload/processed/prompts_1k/0355_sharegpt_001611.txt	medium	377
356	sharegpt_001114	eam-workload/processed/prompts_1k/0356_sharegpt_001114.txt	short	171
357	sharegpt_000701	eam-workload/processed/prompts_1k/0357_sharegpt_000701.txt	medium	348
358	sharegpt_001425	eam-workload/processed/prompts_1k/0358_sharegpt_001425.txt	long	1044
359	sharegpt_001672	eam-workload/processed/prompts_1k/0359_sharegpt_001672.txt	medium	280
360	sharegpt_000731	eam-workload/processed/prompts_1k/0360_sharegpt_000731.txt	long	1076
361	sharegpt_001385	eam-workload/processed/prompts_1k/0361_sharegpt_001385.txt	short	34
362	sharegpt_000390	eam-workload/processed/prompts_1k/0362_sharegpt_000390.txt	medium	419
363	sharegpt_001624	eam-workload/processed/prompts_1k/0363_sharegpt_001624.txt	medium	204
364	sharegpt_000949	eam-workload/processed/prompts_1k/0364_sharegpt_000949.txt	medium	224
365	sharegpt_000576	eam-workload/processed/prompts_1k/0365_sharegpt_000576.txt	medium	658
366	sharegpt_001298	eam-workload/processed/prompts_1k/0366_sharegpt_001298.txt	medium	299
367	sharegpt_001079	eam-workload/processed/prompts_1k/0367_sharegpt_001079.txt	short	93
368	sharegpt_001443	eam-workload/processed/prompts_1k/0368_sharegpt_001443.txt	short	57
369	sharegpt_000083	eam-workload/processed/prompts_1k/0369_sharegpt_000083.txt	short	65
370	sharegpt_001464	eam-workload/processed/prompts_1k/0370_sharegpt_001464.txt	short	70
371	sharegpt_000449	eam-workload/processed/prompts_1k/0371_sharegpt_000449.txt	short	28
372	sharegpt_000662	eam-workload/processed/prompts_1k/0372_sharegpt_000662.txt	long	1702
373	sharegpt_001690	eam-workload/processed/prompts_1k/0373_sharegpt_001690.txt	medium	381
374	sharegpt_000247	eam-workload/processed/prompts_1k/0374_sharegpt_000247.txt	short	90
375	sharegpt_000611	eam-workload/processed/prompts_1k/0375_sharegpt_000611.txt	medium	405
376	sharegpt_000329	eam-workload/processed/prompts_1k/0376_sharegpt_000329.txt	short	161
377	sharegpt_000479	eam-workload/processed/prompts_1k/0377_sharegpt_000479.txt	medium	711
378	sharegpt_000060	eam-workload/processed/prompts_1k/0378_sharegpt_000060.txt	short	40
379	sharegpt_000631	eam-workload/processed/prompts_1k/0379_sharegpt_000631.txt	short	124
380	sharegpt_000894	eam-workload/processed/prompts_1k/0380_sharegpt_000894.txt	short	37
381	sharegpt_000586	eam-workload/processed/prompts_1k/0381_sharegpt_000586.txt	medium	292
382	sharegpt_000066	eam-workload/processed/prompts_1k/0382_sharegpt_000066.txt	medium	644
383	sharegpt_001392	eam-workload/processed/prompts_1k/0383_sharegpt_001392.txt	short	84
384	sharegpt_000169	eam-workload/processed/prompts_1k/0384_sharegpt_000169.txt	long	2164
385	sharegpt_001293	eam-workload/processed/prompts_1k/0385_sharegpt_001293.txt	short	165
386	sharegpt_001954	eam-workload/processed/prompts_1k/0386_sharegpt_001954.txt	medium	468
387	sharegpt_001217	eam-workload/processed/prompts_1k/0387_sharegpt_001217.txt	medium	766
388	sharegpt_001388	eam-workload/processed/prompts_1k/0388_sharegpt_001388.txt	medium	308
389	sharegpt_000248	eam-workload/processed/prompts_1k/0389_sharegpt_000248.txt	short	39
390	sharegpt_000094	eam-workload/processed/prompts_1k/0390_sharegpt_000094.txt	short	59
391	sharegpt_001598	eam-workload/processed/prompts_1k/0391_sharegpt_001598.txt	medium	256
392	sharegpt_000726	eam-workload/processed/prompts_1k/0392_sharegpt_000726.txt	medium	483
393	sharegpt_001081	eam-workload/processed/prompts_1k/0393_sharegpt_001081.txt	long	1065
394	sharegpt_000167	eam-workload/processed/prompts_1k/0394_sharegpt_000167.txt	medium	330
395	sharegpt_000283	eam-workload/processed/prompts_1k/0395_sharegpt_000283.txt	medium	458
396	sharegpt_000954	eam-workload/processed/prompts_1k/0396_sharegpt_000954.txt	long	1756
397	sharegpt_001781	eam-workload/processed/prompts_1k/0397_sharegpt_001781.txt	short	176
398	sharegpt_000946	eam-workload/processed/prompts_1k/0398_sharegpt_000946.txt	medium	369
399	sharegpt_001692	eam-workload/processed/prompts_1k/0399_sharegpt_001692.txt	short	82
400	sharegpt_001440	eam-workload/processed/prompts_1k/0400_sharegpt_001440.txt	long	3521
401	sharegpt_001565	eam-workload/processed/prompts_1k/0401_sharegpt_001565.txt	short	22
402	sharegpt_001726	eam-workload/processed/prompts_1k/0402_sharegpt_001726.txt	medium	765
403	sharegpt_000973	eam-workload/processed/prompts_1k/0403_sharegpt_000973.txt	long	3899
404	sharegpt_001094	eam-workload/processed/prompts_1k/0404_sharegpt_001094.txt	medium	388
405	sharegpt_001922	eam-workload/processed/prompts_1k/0405_sharegpt_001922.txt	short	52
406	sharegpt_000594	eam-workload/processed/prompts_1k/0406_sharegpt_000594.txt	medium	537
407	sharegpt_001290	eam-workload/processed/prompts_1k/0407_sharegpt_001290.txt	short	76
408	sharegpt_001344	eam-workload/processed/prompts_1k/0408_sharegpt_001344.txt	long	1586
409	sharegpt_001902	eam-workload/processed/prompts_1k/0409_sharegpt_001902.txt	medium	327
410	sharegpt_000211	eam-workload/processed/prompts_1k/0410_sharegpt_000211.txt	medium	396
411	sharegpt_000174	eam-workload/processed/prompts_1k/0411_sharegpt_000174.txt	medium	339
412	sharegpt_000828	eam-workload/processed/prompts_1k/0412_sharegpt_000828.txt	short	61
413	sharegpt_001021	eam-workload/processed/prompts_1k/0413_sharegpt_001021.txt	short	41
414	sharegpt_000682	eam-workload/processed/prompts_1k/0414_sharegpt_000682.txt	short	66
415	sharegpt_000370	eam-workload/processed/prompts_1k/0415_sharegpt_000370.txt	medium	452
416	sharegpt_000595	eam-workload/processed/prompts_1k/0416_sharegpt_000595.txt	medium	310
417	sharegpt_001250	eam-workload/processed/prompts_1k/0417_sharegpt_001250.txt	long	1504
418	sharegpt_001931	eam-workload/processed/prompts_1k/0418_sharegpt_001931.txt	medium	288
419	sharegpt_000554	eam-workload/processed/prompts_1k/0419_sharegpt_000554.txt	medium	878
420	sharegpt_001253	eam-workload/processed/prompts_1k/0420_sharegpt_001253.txt	medium	863
421	sharegpt_000173	eam-workload/processed/prompts_1k/0421_sharegpt_000173.txt	long	1665
422	sharegpt_001623	eam-workload/processed/prompts_1k/0422_sharegpt_001623.txt	medium	261
423	sharegpt_001070	eam-workload/processed/prompts_1k/0423_sharegpt_001070.txt	short	147
424	sharegpt_001929	eam-workload/processed/prompts_1k/0424_sharegpt_001929.txt	medium	284
425	sharegpt_001058	eam-workload/processed/prompts_1k/0425_sharegpt_001058.txt	short	120
426	sharegpt_000262	eam-workload/processed/prompts_1k/0426_sharegpt_000262.txt	medium	329
427	sharegpt_000641	eam-workload/processed/prompts_1k/0427_sharegpt_000641.txt	short	103
428	sharegpt_001846	eam-workload/processed/prompts_1k/0428_sharegpt_001846.txt	short	27
429	sharegpt_001730	eam-workload/processed/prompts_1k/0429_sharegpt_001730.txt	medium	864
430	sharegpt_001364	eam-workload/processed/prompts_1k/0430_sharegpt_001364.txt	long	1101
431	sharegpt_001133	eam-workload/processed/prompts_1k/0431_sharegpt_001133.txt	short	115
432	sharegpt_001044	eam-workload/processed/prompts_1k/0432_sharegpt_001044.txt	short	62
433	sharegpt_001182	eam-workload/processed/prompts_1k/0433_sharegpt_001182.txt	short	39
434	sharegpt_001452	eam-workload/processed/prompts_1k/0434_sharegpt_001452.txt	medium	247
435	sharegpt_001497	eam-workload/processed/prompts_1k/0435_sharegpt_001497.txt	short	23
436	sharegpt_001259	eam-workload/processed/prompts_1k/0436_sharegpt_001259.txt	long	1140
437	sharegpt_000028	eam-workload/processed/prompts_1k/0437_sharegpt_000028.txt	medium	610
438	sharegpt_000220	eam-workload/processed/prompts_1k/0438_sharegpt_000220.txt	long	1472
439	sharegpt_001754	eam-workload/processed/prompts_1k/0439_sharegpt_001754.txt	short	38
440	sharegpt_001665	eam-workload/processed/prompts_1k/0440_sharegpt_001665.txt	short	35
441	sharegpt_000983	eam-workload/processed/prompts_1k/0441_sharegpt_000983.txt	short	57
442	sharegpt_001925	eam-workload/processed/prompts_1k/0442_sharegpt_001925.txt	long	3990
443	sharegpt_001124	eam-workload/processed/prompts_1k/0443_sharegpt_001124.txt	medium	330
444	sharegpt_000392	eam-workload/processed/prompts_1k/0444_sharegpt_000392.txt	medium	485
445	sharegpt_001976	eam-workload/processed/prompts_1k/0445_sharegpt_001976.txt	short	124
446	sharegpt_000557	eam-workload/processed/prompts_1k/0446_sharegpt_000557.txt	medium	216
447	sharegpt_001447	eam-workload/processed/prompts_1k/0447_sharegpt_001447.txt	short	185
448	sharegpt_000658	eam-workload/processed/prompts_1k/0448_sharegpt_000658.txt	short	22
449	sharegpt_001982	eam-workload/processed/prompts_1k/0449_sharegpt_001982.txt	short	56
450	sharegpt_001034	eam-workload/processed/prompts_1k/0450_sharegpt_001034.txt	short	81
451	sharegpt_000715	eam-workload/processed/prompts_1k/0451_sharegpt_000715.txt	medium	890
452	sharegpt_000538	eam-workload/processed/prompts_1k/0452_sharegpt_000538.txt	medium	726
453	sharegpt_001638	eam-workload/processed/prompts_1k/0453_sharegpt_001638.txt	medium	405
454	sharegpt_001605	eam-workload/processed/prompts_1k/0454_sharegpt_001605.txt	short	139
455	sharegpt_000420	eam-workload/processed/prompts_1k/0455_sharegpt_000420.txt	short	20
456	sharegpt_001564	eam-workload/processed/prompts_1k/0456_sharegpt_001564.txt	medium	339
457	sharegpt_000366	eam-workload/processed/prompts_1k/0457_sharegpt_000366.txt	short	68
458	sharegpt_000467	eam-workload/processed/prompts_1k/0458_sharegpt_000467.txt	medium	821
459	sharegpt_000067	eam-workload/processed/prompts_1k/0459_sharegpt_000067.txt	medium	638
460	sharegpt_000934	eam-workload/processed/prompts_1k/0460_sharegpt_000934.txt	medium	228
461	sharegpt_000612	eam-workload/processed/prompts_1k/0461_sharegpt_000612.txt	short	51
462	sharegpt_000527	eam-workload/processed/prompts_1k/0462_sharegpt_000527.txt	medium	267
463	sharegpt_000861	eam-workload/processed/prompts_1k/0463_sharegpt_000861.txt	medium	289
464	sharegpt_001567	eam-workload/processed/prompts_1k/0464_sharegpt_001567.txt	medium	826
465	sharegpt_000014	eam-workload/processed/prompts_1k/0465_sharegpt_000014.txt	medium	653
466	sharegpt_000787	eam-workload/processed/prompts_1k/0466_sharegpt_000787.txt	medium	285
467	sharegpt_001220	eam-workload/processed/prompts_1k/0467_sharegpt_001220.txt	medium	645
468	sharegpt_000606	eam-workload/processed/prompts_1k/0468_sharegpt_000606.txt	short	186
469	sharegpt_001456	eam-workload/processed/prompts_1k/0469_sharegpt_001456.txt	medium	612
470	sharegpt_000257	eam-workload/processed/prompts_1k/0470_sharegpt_000257.txt	medium	455
471	sharegpt_001607	eam-workload/processed/prompts_1k/0471_sharegpt_001607.txt	short	50
472	sharegpt_001649	eam-workload/processed/prompts_1k/0472_sharegpt_001649.txt	medium	275
473	sharegpt_001717	eam-workload/processed/prompts_1k/0473_sharegpt_001717.txt	long	1238
474	sharegpt_001522	eam-workload/processed/prompts_1k/0474_sharegpt_001522.txt	short	39
475	sharegpt_001175	eam-workload/processed/prompts_1k/0475_sharegpt_001175.txt	long	1556
476	sharegpt_001779	eam-workload/processed/prompts_1k/0476_sharegpt_001779.txt	short	49
477	sharegpt_001002	eam-workload/processed/prompts_1k/0477_sharegpt_001002.txt	short	36
478	sharegpt_001244	eam-workload/processed/prompts_1k/0478_sharegpt_001244.txt	medium	230
479	sharegpt_001394	eam-workload/processed/prompts_1k/0479_sharegpt_001394.txt	medium	378
480	sharegpt_001073	eam-workload/processed/prompts_1k/0480_sharegpt_001073.txt	medium	694
481	sharegpt_001869	eam-workload/processed/prompts_1k/0481_sharegpt_001869.txt	medium	218
482	sharegpt_001187	eam-workload/processed/prompts_1k/0482_sharegpt_001187.txt	short	22
483	sharegpt_000349	eam-workload/processed/prompts_1k/0483_sharegpt_000349.txt	medium	301
484	sharegpt_001975	eam-workload/processed/prompts_1k/0484_sharegpt_001975.txt	short	154
485	sharegpt_001521	eam-workload/processed/prompts_1k/0485_sharegpt_001521.txt	short	97
486	sharegpt_000984	eam-workload/processed/prompts_1k/0486_sharegpt_000984.txt	short	61
487	sharegpt_001710	eam-workload/processed/prompts_1k/0487_sharegpt_001710.txt	medium	486
488	sharegpt_001494	eam-workload/processed/prompts_1k/0488_sharegpt_001494.txt	long	3022
489	sharegpt_001903	eam-workload/processed/prompts_1k/0489_sharegpt_001903.txt	short	32
490	sharegpt_000292	eam-workload/processed/prompts_1k/0490_sharegpt_000292.txt	medium	507
491	sharegpt_001667	eam-workload/processed/prompts_1k/0491_sharegpt_001667.txt	medium	208
492	sharegpt_001046	eam-workload/processed/prompts_1k/0492_sharegpt_001046.txt	medium	274
493	sharegpt_001488	eam-workload/processed/prompts_1k/0493_sharegpt_001488.txt	short	54
494	sharegpt_001469	eam-workload/processed/prompts_1k/0494_sharegpt_001469.txt	medium	340
495	sharegpt_001302	eam-workload/processed/prompts_1k/0495_sharegpt_001302.txt	medium	211
496	sharegpt_001152	eam-workload/processed/prompts_1k/0496_sharegpt_001152.txt	short	66
497	sharegpt_001476	eam-workload/processed/prompts_1k/0497_sharegpt_001476.txt	short	176
498	sharegpt_000499	eam-workload/processed/prompts_1k/0498_sharegpt_000499.txt	long	1644
499	sharegpt_000466	eam-workload/processed/prompts_1k/0499_sharegpt_000466.txt	medium	331
500	sharegpt_001461	eam-workload/processed/prompts_1k/0500_sharegpt_001461.txt	long	1442
501	sharegpt_001596	eam-workload/processed/prompts_1k/0501_sharegpt_001596.txt	long	1849
502	sharegpt_001817	eam-workload/processed/prompts_1k/0502_sharegpt_001817.txt	long	2818
503	sharegpt_000159	eam-workload/processed/prompts_1k/0503_sharegpt_000159.txt	short	26
504	sharegpt_001389	eam-workload/processed/prompts_1k/0504_sharegpt_001389.txt	short	130
505	sharegpt_000985	eam-workload/processed/prompts_1k/0505_sharegpt_000985.txt	short	111
506	sharegpt_001223	eam-workload/processed/prompts_1k/0506_sharegpt_001223.txt	long	1225
507	sharegpt_001239	eam-workload/processed/prompts_1k/0507_sharegpt_001239.txt	long	2989
508	sharegpt_001783	eam-workload/processed/prompts_1k/0508_sharegpt_001783.txt	medium	313
509	sharegpt_000555	eam-workload/processed/prompts_1k/0509_sharegpt_000555.txt	short	41
510	sharegpt_001318	eam-workload/processed/prompts_1k/0510_sharegpt_001318.txt	medium	346
511	sharegpt_001496	eam-workload/processed/prompts_1k/0511_sharegpt_001496.txt	medium	254
512	sharegpt_001910	eam-workload/processed/prompts_1k/0512_sharegpt_001910.txt	medium	222
513	sharegpt_001145	eam-workload/processed/prompts_1k/0513_sharegpt_001145.txt	long	2453
514	sharegpt_001606	eam-workload/processed/prompts_1k/0514_sharegpt_001606.txt	medium	841
515	sharegpt_001068	eam-workload/processed/prompts_1k/0515_sharegpt_001068.txt	short	129
516	sharegpt_000530	eam-workload/processed/prompts_1k/0516_sharegpt_000530.txt	long	1738
517	sharegpt_001639	eam-workload/processed/prompts_1k/0517_sharegpt_001639.txt	short	94
518	sharegpt_000632	eam-workload/processed/prompts_1k/0518_sharegpt_000632.txt	long	1156
519	sharegpt_001228	eam-workload/processed/prompts_1k/0519_sharegpt_001228.txt	short	76
520	sharegpt_000568	eam-workload/processed/prompts_1k/0520_sharegpt_000568.txt	short	148
521	sharegpt_000583	eam-workload/processed/prompts_1k/0521_sharegpt_000583.txt	medium	710
522	sharegpt_000260	eam-workload/processed/prompts_1k/0522_sharegpt_000260.txt	medium	286
523	sharegpt_001615	eam-workload/processed/prompts_1k/0523_sharegpt_001615.txt	long	1017
524	sharegpt_001402	eam-workload/processed/prompts_1k/0524_sharegpt_001402.txt	short	177
525	sharegpt_000098	eam-workload/processed/prompts_1k/0525_sharegpt_000098.txt	short	33
526	sharegpt_001311	eam-workload/processed/prompts_1k/0526_sharegpt_001311.txt	short	24
527	sharegpt_001535	eam-workload/processed/prompts_1k/0527_sharegpt_001535.txt	medium	301
528	sharegpt_000913	eam-workload/processed/prompts_1k/0528_sharegpt_000913.txt	short	26
529	sharegpt_001675	eam-workload/processed/prompts_1k/0529_sharegpt_001675.txt	medium	511
530	sharegpt_001621	eam-workload/processed/prompts_1k/0530_sharegpt_001621.txt	medium	238
531	sharegpt_001296	eam-workload/processed/prompts_1k/0531_sharegpt_001296.txt	medium	321
532	sharegpt_000723	eam-workload/processed/prompts_1k/0532_sharegpt_000723.txt	short	46
533	sharegpt_000865	eam-workload/processed/prompts_1k/0533_sharegpt_000865.txt	medium	269
534	sharegpt_000437	eam-workload/processed/prompts_1k/0534_sharegpt_000437.txt	medium	416
535	sharegpt_001890	eam-workload/processed/prompts_1k/0535_sharegpt_001890.txt	medium	275
536	sharegpt_001764	eam-workload/processed/prompts_1k/0536_sharegpt_001764.txt	short	120
537	sharegpt_001585	eam-workload/processed/prompts_1k/0537_sharegpt_001585.txt	medium	418
538	sharegpt_000450	eam-workload/processed/prompts_1k/0538_sharegpt_000450.txt	short	178
539	sharegpt_001446	eam-workload/processed/prompts_1k/0539_sharegpt_001446.txt	long	2028
540	sharegpt_000448	eam-workload/processed/prompts_1k/0540_sharegpt_000448.txt	short	31
541	sharegpt_000598	eam-workload/processed/prompts_1k/0541_sharegpt_000598.txt	medium	219
542	sharegpt_000319	eam-workload/processed/prompts_1k/0542_sharegpt_000319.txt	medium	269
543	sharegpt_000893	eam-workload/processed/prompts_1k/0543_sharegpt_000893.txt	long	1665
544	sharegpt_000926	eam-workload/processed/prompts_1k/0544_sharegpt_000926.txt	medium	588
545	sharegpt_001008	eam-workload/processed/prompts_1k/0545_sharegpt_001008.txt	short	56
546	sharegpt_000088	eam-workload/processed/prompts_1k/0546_sharegpt_000088.txt	medium	585
547	sharegpt_001883	eam-workload/processed/prompts_1k/0547_sharegpt_001883.txt	long	1873
548	sharegpt_001787	eam-workload/processed/prompts_1k/0548_sharegpt_001787.txt	medium	519
549	sharegpt_000064	eam-workload/processed/prompts_1k/0549_sharegpt_000064.txt	short	51
550	sharegpt_000197	eam-workload/processed/prompts_1k/0550_sharegpt_000197.txt	long	1555
551	sharegpt_001935	eam-workload/processed/prompts_1k/0551_sharegpt_001935.txt	medium	285
552	sharegpt_001368	eam-workload/processed/prompts_1k/0552_sharegpt_001368.txt	short	108
553	sharegpt_000031	eam-workload/processed/prompts_1k/0553_sharegpt_000031.txt	medium	309
554	sharegpt_000363	eam-workload/processed/prompts_1k/0554_sharegpt_000363.txt	short	76
555	sharegpt_000384	eam-workload/processed/prompts_1k/0555_sharegpt_000384.txt	short	106
556	sharegpt_000238	eam-workload/processed/prompts_1k/0556_sharegpt_000238.txt	long	1778
557	sharegpt_001160	eam-workload/processed/prompts_1k/0557_sharegpt_001160.txt	medium	586
558	sharegpt_000144	eam-workload/processed/prompts_1k/0558_sharegpt_000144.txt	short	21
559	sharegpt_000440	eam-workload/processed/prompts_1k/0559_sharegpt_000440.txt	long	1512
560	sharegpt_000102	eam-workload/processed/prompts_1k/0560_sharegpt_000102.txt	long	3169
561	sharegpt_000982	eam-workload/processed/prompts_1k/0561_sharegpt_000982.txt	medium	378
562	sharegpt_000617	eam-workload/processed/prompts_1k/0562_sharegpt_000617.txt	short	169
563	sharegpt_001280	eam-workload/processed/prompts_1k/0563_sharegpt_001280.txt	medium	349
564	sharegpt_001048	eam-workload/processed/prompts_1k/0564_sharegpt_001048.txt	medium	859
565	sharegpt_001045	eam-workload/processed/prompts_1k/0565_sharegpt_001045.txt	short	104
566	sharegpt_000822	eam-workload/processed/prompts_1k/0566_sharegpt_000822.txt	short	22
567	sharegpt_000988	eam-workload/processed/prompts_1k/0567_sharegpt_000988.txt	long	1665
568	sharegpt_000643	eam-workload/processed/prompts_1k/0568_sharegpt_000643.txt	short	53
569	sharegpt_001127	eam-workload/processed/prompts_1k/0569_sharegpt_001127.txt	short	132
570	sharegpt_001477	eam-workload/processed/prompts_1k/0570_sharegpt_001477.txt	short	56
571	sharegpt_001173	eam-workload/processed/prompts_1k/0571_sharegpt_001173.txt	long	3932
572	sharegpt_000585	eam-workload/processed/prompts_1k/0572_sharegpt_000585.txt	long	3947
573	sharegpt_000830	eam-workload/processed/prompts_1k/0573_sharegpt_000830.txt	medium	828
574	sharegpt_000231	eam-workload/processed/prompts_1k/0574_sharegpt_000231.txt	medium	343
575	sharegpt_001465	eam-workload/processed/prompts_1k/0575_sharegpt_001465.txt	long	1910
576	sharegpt_001367	eam-workload/processed/prompts_1k/0576_sharegpt_001367.txt	medium	271
577	sharegpt_000971	eam-workload/processed/prompts_1k/0577_sharegpt_000971.txt	medium	377
578	sharegpt_000221	eam-workload/processed/prompts_1k/0578_sharegpt_000221.txt	medium	202
579	sharegpt_000494	eam-workload/processed/prompts_1k/0579_sharegpt_000494.txt	medium	242
580	sharegpt_000396	eam-workload/processed/prompts_1k/0580_sharegpt_000396.txt	medium	373
581	sharegpt_001281	eam-workload/processed/prompts_1k/0581_sharegpt_001281.txt	long	1001
582	sharegpt_000273	eam-workload/processed/prompts_1k/0582_sharegpt_000273.txt	short	100
583	sharegpt_001457	eam-workload/processed/prompts_1k/0583_sharegpt_001457.txt	long	2507
584	sharegpt_000572	eam-workload/processed/prompts_1k/0584_sharegpt_000572.txt	medium	289
585	sharegpt_001994	eam-workload/processed/prompts_1k/0585_sharegpt_001994.txt	short	84
586	sharegpt_001471	eam-workload/processed/prompts_1k/0586_sharegpt_001471.txt	short	27
587	sharegpt_001327	eam-workload/processed/prompts_1k/0587_sharegpt_001327.txt	long	1162
588	sharegpt_000070	eam-workload/processed/prompts_1k/0588_sharegpt_000070.txt	long	1471
589	sharegpt_001515	eam-workload/processed/prompts_1k/0589_sharegpt_001515.txt	long	1969
590	sharegpt_000688	eam-workload/processed/prompts_1k/0590_sharegpt_000688.txt	medium	246
591	sharegpt_000312	eam-workload/processed/prompts_1k/0591_sharegpt_000312.txt	long	1647
592	sharegpt_000765	eam-workload/processed/prompts_1k/0592_sharegpt_000765.txt	short	45
593	sharegpt_000523	eam-workload/processed/prompts_1k/0593_sharegpt_000523.txt	long	1876
594	sharegpt_001946	eam-workload/processed/prompts_1k/0594_sharegpt_001946.txt	medium	257
595	sharegpt_000721	eam-workload/processed/prompts_1k/0595_sharegpt_000721.txt	long	1111
596	sharegpt_000902	eam-workload/processed/prompts_1k/0596_sharegpt_000902.txt	short	27
597	sharegpt_000323	eam-workload/processed/prompts_1k/0597_sharegpt_000323.txt	medium	323
598	sharegpt_000895	eam-workload/processed/prompts_1k/0598_sharegpt_000895.txt	medium	319
599	sharegpt_001952	eam-workload/processed/prompts_1k/0599_sharegpt_001952.txt	medium	229
600	sharegpt_000180	eam-workload/processed/prompts_1k/0600_sharegpt_000180.txt	long	2814
601	sharegpt_000103	eam-workload/processed/prompts_1k/0601_sharegpt_000103.txt	short	70
602	sharegpt_000694	eam-workload/processed/prompts_1k/0602_sharegpt_000694.txt	medium	915
603	sharegpt_001691	eam-workload/processed/prompts_1k/0603_sharegpt_001691.txt	short	60
604	sharegpt_001201	eam-workload/processed/prompts_1k/0604_sharegpt_001201.txt	medium	328
605	sharegpt_001600	eam-workload/processed/prompts_1k/0605_sharegpt_001600.txt	long	1070
606	sharegpt_001780	eam-workload/processed/prompts_1k/0606_sharegpt_001780.txt	medium	713
607	sharegpt_001881	eam-workload/processed/prompts_1k/0607_sharegpt_001881.txt	short	116
608	sharegpt_001684	eam-workload/processed/prompts_1k/0608_sharegpt_001684.txt	short	55
609	sharegpt_000899	eam-workload/processed/prompts_1k/0609_sharegpt_000899.txt	short	100
610	sharegpt_000979	eam-workload/processed/prompts_1k/0610_sharegpt_000979.txt	short	56
611	sharegpt_000290	eam-workload/processed/prompts_1k/0611_sharegpt_000290.txt	short	94
612	sharegpt_001407	eam-workload/processed/prompts_1k/0612_sharegpt_001407.txt	short	22
613	sharegpt_000408	eam-workload/processed/prompts_1k/0613_sharegpt_000408.txt	short	126
614	sharegpt_000514	eam-workload/processed/prompts_1k/0614_sharegpt_000514.txt	medium	314
615	sharegpt_001071	eam-workload/processed/prompts_1k/0615_sharegpt_001071.txt	short	81
616	sharegpt_001822	eam-workload/processed/prompts_1k/0616_sharegpt_001822.txt	long	1230
617	sharegpt_000252	eam-workload/processed/prompts_1k/0617_sharegpt_000252.txt	medium	424
618	sharegpt_000601	eam-workload/processed/prompts_1k/0618_sharegpt_000601.txt	short	54
619	sharegpt_001845	eam-workload/processed/prompts_1k/0619_sharegpt_001845.txt	short	44
620	sharegpt_001012	eam-workload/processed/prompts_1k/0620_sharegpt_001012.txt	medium	474
621	sharegpt_000442	eam-workload/processed/prompts_1k/0621_sharegpt_000442.txt	short	24
622	sharegpt_001343	eam-workload/processed/prompts_1k/0622_sharegpt_001343.txt	medium	493
623	sharegpt_001324	eam-workload/processed/prompts_1k/0623_sharegpt_001324.txt	long	1588
624	sharegpt_000680	eam-workload/processed/prompts_1k/0624_sharegpt_000680.txt	long	1458
625	sharegpt_000832	eam-workload/processed/prompts_1k/0625_sharegpt_000832.txt	medium	331
626	sharegpt_000131	eam-workload/processed/prompts_1k/0626_sharegpt_000131.txt	medium	221
627	sharegpt_000720	eam-workload/processed/prompts_1k/0627_sharegpt_000720.txt	long	1118
628	sharegpt_000535	eam-workload/processed/prompts_1k/0628_sharegpt_000535.txt	long	1945
629	sharegpt_000394	eam-workload/processed/prompts_1k/0629_sharegpt_000394.txt	short	108
630	sharegpt_001551	eam-workload/processed/prompts_1k/0630_sharegpt_001551.txt	medium	300
631	sharegpt_000725	eam-workload/processed/prompts_1k/0631_sharegpt_000725.txt	medium	539
632	sharegpt_000388	eam-workload/processed/prompts_1k/0632_sharegpt_000388.txt	short	24
633	sharegpt_000223	eam-workload/processed/prompts_1k/0633_sharegpt_000223.txt	medium	439
634	sharegpt_001518	eam-workload/processed/prompts_1k/0634_sharegpt_001518.txt	long	3156
635	sharegpt_000533	eam-workload/processed/prompts_1k/0635_sharegpt_000533.txt	short	72
636	sharegpt_001332	eam-workload/processed/prompts_1k/0636_sharegpt_001332.txt	long	1160
637	sharegpt_000864	eam-workload/processed/prompts_1k/0637_sharegpt_000864.txt	short	80
638	sharegpt_001688	eam-workload/processed/prompts_1k/0638_sharegpt_001688.txt	long	1526
639	sharegpt_000520	eam-workload/processed/prompts_1k/0639_sharegpt_000520.txt	long	1866
640	sharegpt_000929	eam-workload/processed/prompts_1k/0640_sharegpt_000929.txt	long	1503
641	sharegpt_001768	eam-workload/processed/prompts_1k/0641_sharegpt_001768.txt	medium	744
642	sharegpt_000920	eam-workload/processed/prompts_1k/0642_sharegpt_000920.txt	long	2861
643	sharegpt_001307	eam-workload/processed/prompts_1k/0643_sharegpt_001307.txt	short	62
644	sharegpt_001348	eam-workload/processed/prompts_1k/0644_sharegpt_001348.txt	short	40
645	sharegpt_001481	eam-workload/processed/prompts_1k/0645_sharegpt_001481.txt	short	131
646	sharegpt_001744	eam-workload/processed/prompts_1k/0646_sharegpt_001744.txt	short	39
647	sharegpt_000780	eam-workload/processed/prompts_1k/0647_sharegpt_000780.txt	long	1504
648	sharegpt_001403	eam-workload/processed/prompts_1k/0648_sharegpt_001403.txt	medium	216
649	sharegpt_001023	eam-workload/processed/prompts_1k/0649_sharegpt_001023.txt	medium	225
650	sharegpt_000379	eam-workload/processed/prompts_1k/0650_sharegpt_000379.txt	medium	755
651	sharegpt_000353	eam-workload/processed/prompts_1k/0651_sharegpt_000353.txt	short	41
652	sharegpt_001499	eam-workload/processed/prompts_1k/0652_sharegpt_001499.txt	long	1607
653	sharegpt_001177	eam-workload/processed/prompts_1k/0653_sharegpt_001177.txt	short	42
654	sharegpt_001794	eam-workload/processed/prompts_1k/0654_sharegpt_001794.txt	long	1773
655	sharegpt_000911	eam-workload/processed/prompts_1k/0655_sharegpt_000911.txt	long	1609
656	sharegpt_001507	eam-workload/processed/prompts_1k/0656_sharegpt_001507.txt	medium	489
657	sharegpt_001871	eam-workload/processed/prompts_1k/0657_sharegpt_001871.txt	long	1912
658	sharegpt_001112	eam-workload/processed/prompts_1k/0658_sharegpt_001112.txt	short	76
659	sharegpt_001161	eam-workload/processed/prompts_1k/0659_sharegpt_001161.txt	medium	473
660	sharegpt_000646	eam-workload/processed/prompts_1k/0660_sharegpt_000646.txt	medium	245
661	sharegpt_000255	eam-workload/processed/prompts_1k/0661_sharegpt_000255.txt	long	2053
662	sharegpt_001580	eam-workload/processed/prompts_1k/0662_sharegpt_001580.txt	medium	713
663	sharegpt_001799	eam-workload/processed/prompts_1k/0663_sharegpt_001799.txt	medium	227
664	sharegpt_000961	eam-workload/processed/prompts_1k/0664_sharegpt_000961.txt	medium	275
665	sharegpt_000269	eam-workload/processed/prompts_1k/0665_sharegpt_000269.txt	short	101
666	sharegpt_000797	eam-workload/processed/prompts_1k/0666_sharegpt_000797.txt	short	70
667	sharegpt_001513	eam-workload/processed/prompts_1k/0667_sharegpt_001513.txt	medium	448
668	sharegpt_000172	eam-workload/processed/prompts_1k/0668_sharegpt_000172.txt	short	87
669	sharegpt_001226	eam-workload/processed/prompts_1k/0669_sharegpt_001226.txt	medium	234
670	sharegpt_001932	eam-workload/processed/prompts_1k/0670_sharegpt_001932.txt	short	71
671	sharegpt_001538	eam-workload/processed/prompts_1k/0671_sharegpt_001538.txt	short	57
672	sharegpt_000905	eam-workload/processed/prompts_1k/0672_sharegpt_000905.txt	medium	288
673	sharegpt_001460	eam-workload/processed/prompts_1k/0673_sharegpt_001460.txt	medium	215
674	sharegpt_000287	eam-workload/processed/prompts_1k/0674_sharegpt_000287.txt	medium	300
675	sharegpt_000993	eam-workload/processed/prompts_1k/0675_sharegpt_000993.txt	short	58
676	sharegpt_001885	eam-workload/processed/prompts_1k/0676_sharegpt_001885.txt	short	35
677	sharegpt_001263	eam-workload/processed/prompts_1k/0677_sharegpt_001263.txt	long	1517
678	sharegpt_000842	eam-workload/processed/prompts_1k/0678_sharegpt_000842.txt	long	1170
679	sharegpt_000029	eam-workload/processed/prompts_1k/0679_sharegpt_000029.txt	short	45
680	sharegpt_000043	eam-workload/processed/prompts_1k/0680_sharegpt_000043.txt	medium	243
681	sharegpt_001504	eam-workload/processed/prompts_1k/0681_sharegpt_001504.txt	medium	336
682	sharegpt_000093	eam-workload/processed/prompts_1k/0682_sharegpt_000093.txt	medium	376
683	sharegpt_001331	eam-workload/processed/prompts_1k/0683_sharegpt_001331.txt	short	54
684	sharegpt_000100	eam-workload/processed/prompts_1k/0684_sharegpt_000100.txt	medium	358
685	sharegpt_001103	eam-workload/processed/prompts_1k/0685_sharegpt_001103.txt	medium	268
686	sharegpt_000734	eam-workload/processed/prompts_1k/0686_sharegpt_000734.txt	medium	337
687	sharegpt_000259	eam-workload/processed/prompts_1k/0687_sharegpt_000259.txt	long	1184
688	sharegpt_001292	eam-workload/processed/prompts_1k/0688_sharegpt_001292.txt	short	28
689	sharegpt_001408	eam-workload/processed/prompts_1k/0689_sharegpt_001408.txt	medium	220
690	sharegpt_001268	eam-workload/processed/prompts_1k/0690_sharegpt_001268.txt	short	166
691	sharegpt_001204	eam-workload/processed/prompts_1k/0691_sharegpt_001204.txt	short	53
692	sharegpt_001531	eam-workload/processed/prompts_1k/0692_sharegpt_001531.txt	short	75
693	sharegpt_001433	eam-workload/processed/prompts_1k/0693_sharegpt_001433.txt	short	153
694	sharegpt_001123	eam-workload/processed/prompts_1k/0694_sharegpt_001123.txt	short	25
695	sharegpt_001431	eam-workload/processed/prompts_1k/0695_sharegpt_001431.txt	long	1231
696	sharegpt_000095	eam-workload/processed/prompts_1k/0696_sharegpt_000095.txt	medium	621
697	sharegpt_001527	eam-workload/processed/prompts_1k/0697_sharegpt_001527.txt	long	3119
698	sharegpt_001782	eam-workload/processed/prompts_1k/0698_sharegpt_001782.txt	short	37
699	sharegpt_000412	eam-workload/processed/prompts_1k/0699_sharegpt_000412.txt	medium	464
700	sharegpt_001365	eam-workload/processed/prompts_1k/0700_sharegpt_001365.txt	short	25
701	sharegpt_000127	eam-workload/processed/prompts_1k/0701_sharegpt_000127.txt	short	96
702	sharegpt_000689	eam-workload/processed/prompts_1k/0702_sharegpt_000689.txt	short	132
703	sharegpt_001990	eam-workload/processed/prompts_1k/0703_sharegpt_001990.txt	long	1085
704	sharegpt_000311	eam-workload/processed/prompts_1k/0704_sharegpt_000311.txt	medium	289
705	sharegpt_000633	eam-workload/processed/prompts_1k/0705_sharegpt_000633.txt	medium	793
706	sharegpt_000337	eam-workload/processed/prompts_1k/0706_sharegpt_000337.txt	medium	495
707	sharegpt_001137	eam-workload/processed/prompts_1k/0707_sharegpt_001137.txt	medium	424
708	sharegpt_001356	eam-workload/processed/prompts_1k/0708_sharegpt_001356.txt	short	96
709	sharegpt_000483	eam-workload/processed/prompts_1k/0709_sharegpt_000483.txt	medium	262
710	sharegpt_001810	eam-workload/processed/prompts_1k/0710_sharegpt_001810.txt	short	92
711	sharegpt_001472	eam-workload/processed/prompts_1k/0711_sharegpt_001472.txt	long	1213
712	sharegpt_001225	eam-workload/processed/prompts_1k/0712_sharegpt_001225.txt	medium	369
713	sharegpt_001876	eam-workload/processed/prompts_1k/0713_sharegpt_001876.txt	medium	225
714	sharegpt_000941	eam-workload/processed/prompts_1k/0714_sharegpt_000941.txt	medium	412
715	sharegpt_000188	eam-workload/processed/prompts_1k/0715_sharegpt_000188.txt	medium	989
716	sharegpt_000525	eam-workload/processed/prompts_1k/0716_sharegpt_000525.txt	medium	571
717	sharegpt_000041	eam-workload/processed/prompts_1k/0717_sharegpt_000041.txt	short	27
718	sharegpt_001788	eam-workload/processed/prompts_1k/0718_sharegpt_001788.txt	short	57
719	sharegpt_000488	eam-workload/processed/prompts_1k/0719_sharegpt_000488.txt	long	3189
720	sharegpt_000301	eam-workload/processed/prompts_1k/0720_sharegpt_000301.txt	short	90
721	sharegpt_000239	eam-workload/processed/prompts_1k/0721_sharegpt_000239.txt	short	63
722	sharegpt_001278	eam-workload/processed/prompts_1k/0722_sharegpt_001278.txt	long	1268
723	sharegpt_000145	eam-workload/processed/prompts_1k/0723_sharegpt_000145.txt	long	1194
724	sharegpt_001088	eam-workload/processed/prompts_1k/0724_sharegpt_001088.txt	medium	207
725	sharegpt_001592	eam-workload/processed/prompts_1k/0725_sharegpt_001592.txt	medium	295
726	sharegpt_001511	eam-workload/processed/prompts_1k/0726_sharegpt_001511.txt	long	1222
727	sharegpt_001437	eam-workload/processed/prompts_1k/0727_sharegpt_001437.txt	medium	282
728	sharegpt_000578	eam-workload/processed/prompts_1k/0728_sharegpt_000578.txt	medium	246
729	sharegpt_001320	eam-workload/processed/prompts_1k/0729_sharegpt_001320.txt	short	179
730	sharegpt_000330	eam-workload/processed/prompts_1k/0730_sharegpt_000330.txt	medium	455
731	sharegpt_000782	eam-workload/processed/prompts_1k/0731_sharegpt_000782.txt	medium	259
732	sharegpt_000770	eam-workload/processed/prompts_1k/0732_sharegpt_000770.txt	short	66
733	sharegpt_000062	eam-workload/processed/prompts_1k/0733_sharegpt_000062.txt	short	35
734	sharegpt_000900	eam-workload/processed/prompts_1k/0734_sharegpt_000900.txt	medium	665
735	sharegpt_001134	eam-workload/processed/prompts_1k/0735_sharegpt_001134.txt	long	1923
736	sharegpt_000342	eam-workload/processed/prompts_1k/0736_sharegpt_000342.txt	short	72
737	sharegpt_001451	eam-workload/processed/prompts_1k/0737_sharegpt_001451.txt	short	70
738	sharegpt_000468	eam-workload/processed/prompts_1k/0738_sharegpt_000468.txt	long	1036
739	sharegpt_001018	eam-workload/processed/prompts_1k/0739_sharegpt_001018.txt	medium	495
740	sharegpt_001328	eam-workload/processed/prompts_1k/0740_sharegpt_001328.txt	long	1376
741	sharegpt_000677	eam-workload/processed/prompts_1k/0741_sharegpt_000677.txt	medium	381
742	sharegpt_000774	eam-workload/processed/prompts_1k/0742_sharegpt_000774.txt	medium	315
743	sharegpt_000496	eam-workload/processed/prompts_1k/0743_sharegpt_000496.txt	long	2236
744	sharegpt_001669	eam-workload/processed/prompts_1k/0744_sharegpt_001669.txt	short	100
745	sharegpt_001194	eam-workload/processed/prompts_1k/0745_sharegpt_001194.txt	long	2212
746	sharegpt_001720	eam-workload/processed/prompts_1k/0746_sharegpt_001720.txt	medium	315
747	sharegpt_001183	eam-workload/processed/prompts_1k/0747_sharegpt_001183.txt	short	36
748	sharegpt_001729	eam-workload/processed/prompts_1k/0748_sharegpt_001729.txt	medium	282
749	sharegpt_001519	eam-workload/processed/prompts_1k/0749_sharegpt_001519.txt	medium	242
750	sharegpt_001635	eam-workload/processed/prompts_1k/0750_sharegpt_001635.txt	medium	279
751	sharegpt_000187	eam-workload/processed/prompts_1k/0751_sharegpt_000187.txt	medium	868
752	sharegpt_000044	eam-workload/processed/prompts_1k/0752_sharegpt_000044.txt	long	1682
753	sharegpt_001647	eam-workload/processed/prompts_1k/0753_sharegpt_001647.txt	long	1312
754	sharegpt_000116	eam-workload/processed/prompts_1k/0754_sharegpt_000116.txt	long	1597
755	sharegpt_000955	eam-workload/processed/prompts_1k/0755_sharegpt_000955.txt	long	1332
756	sharegpt_000579	eam-workload/processed/prompts_1k/0756_sharegpt_000579.txt	short	30
757	sharegpt_000264	eam-workload/processed/prompts_1k/0757_sharegpt_000264.txt	medium	407
758	sharegpt_001749	eam-workload/processed/prompts_1k/0758_sharegpt_001749.txt	medium	233
759	sharegpt_000355	eam-workload/processed/prompts_1k/0759_sharegpt_000355.txt	long	1412
760	sharegpt_000628	eam-workload/processed/prompts_1k/0760_sharegpt_000628.txt	medium	764
761	sharegpt_000607	eam-workload/processed/prompts_1k/0761_sharegpt_000607.txt	short	39
762	sharegpt_000871	eam-workload/processed/prompts_1k/0762_sharegpt_000871.txt	short	22
763	sharegpt_000918	eam-workload/processed/prompts_1k/0763_sharegpt_000918.txt	short	40
764	sharegpt_000674	eam-workload/processed/prompts_1k/0764_sharegpt_000674.txt	medium	578
765	sharegpt_001695	eam-workload/processed/prompts_1k/0765_sharegpt_001695.txt	long	1600
766	sharegpt_001637	eam-workload/processed/prompts_1k/0766_sharegpt_001637.txt	medium	313
767	sharegpt_001032	eam-workload/processed/prompts_1k/0767_sharegpt_001032.txt	medium	327
768	sharegpt_000385	eam-workload/processed/prompts_1k/0768_sharegpt_000385.txt	medium	895
769	sharegpt_000539	eam-workload/processed/prompts_1k/0769_sharegpt_000539.txt	short	174
770	sharegpt_000771	eam-workload/processed/prompts_1k/0770_sharegpt_000771.txt	medium	482
771	sharegpt_000670	eam-workload/processed/prompts_1k/0771_sharegpt_000670.txt	long	2058
772	sharegpt_000328	eam-workload/processed/prompts_1k/0772_sharegpt_000328.txt	medium	252
773	sharegpt_000816	eam-workload/processed/prompts_1k/0773_sharegpt_000816.txt	short	109
774	sharegpt_000841	eam-workload/processed/prompts_1k/0774_sharegpt_000841.txt	medium	635
775	sharegpt_000506	eam-workload/processed/prompts_1k/0775_sharegpt_000506.txt	medium	380
776	sharegpt_000792	eam-workload/processed/prompts_1k/0776_sharegpt_000792.txt	medium	587
777	sharegpt_001415	eam-workload/processed/prompts_1k/0777_sharegpt_001415.txt	short	64
778	sharegpt_001597	eam-workload/processed/prompts_1k/0778_sharegpt_001597.txt	medium	821
779	sharegpt_000890	eam-workload/processed/prompts_1k/0779_sharegpt_000890.txt	medium	460
780	sharegpt_001833	eam-workload/processed/prompts_1k/0780_sharegpt_001833.txt	short	108
781	sharegpt_001501	eam-workload/processed/prompts_1k/0781_sharegpt_001501.txt	medium	329
782	sharegpt_001139	eam-workload/processed/prompts_1k/0782_sharegpt_001139.txt	medium	581
783	sharegpt_000279	eam-workload/processed/prompts_1k/0783_sharegpt_000279.txt	short	124
784	sharegpt_001055	eam-workload/processed/prompts_1k/0784_sharegpt_001055.txt	long	2210
785	sharegpt_001933	eam-workload/processed/prompts_1k/0785_sharegpt_001933.txt	short	26
786	sharegpt_000380	eam-workload/processed/prompts_1k/0786_sharegpt_000380.txt	short	88
787	sharegpt_001625	eam-workload/processed/prompts_1k/0787_sharegpt_001625.txt	medium	339
788	sharegpt_000522	eam-workload/processed/prompts_1k/0788_sharegpt_000522.txt	long	1064
789	sharegpt_000718	eam-workload/processed/prompts_1k/0789_sharegpt_000718.txt	short	191
790	sharegpt_000322	eam-workload/processed/prompts_1k/0790_sharegpt_000322.txt	short	119
791	sharegpt_001169	eam-workload/processed/prompts_1k/0791_sharegpt_001169.txt	long	1997
792	sharegpt_001962	eam-workload/processed/prompts_1k/0792_sharegpt_001962.txt	medium	385
793	sharegpt_001301	eam-workload/processed/prompts_1k/0793_sharegpt_001301.txt	short	142
794	sharegpt_001189	eam-workload/processed/prompts_1k/0794_sharegpt_001189.txt	medium	430
795	sharegpt_001879	eam-workload/processed/prompts_1k/0795_sharegpt_001879.txt	long	2001
796	sharegpt_000147	eam-workload/processed/prompts_1k/0796_sharegpt_000147.txt	medium	226
797	sharegpt_001753	eam-workload/processed/prompts_1k/0797_sharegpt_001753.txt	long	1173
798	sharegpt_001436	eam-workload/processed/prompts_1k/0798_sharegpt_001436.txt	short	160
799	sharegpt_000989	eam-workload/processed/prompts_1k/0799_sharegpt_000989.txt	long	1618
800	sharegpt_000819	eam-workload/processed/prompts_1k/0800_sharegpt_000819.txt	short	76
801	sharegpt_000808	eam-workload/processed/prompts_1k/0801_sharegpt_000808.txt	short	166
802	sharegpt_000924	eam-workload/processed/prompts_1k/0802_sharegpt_000924.txt	medium	572
803	sharegpt_000446	eam-workload/processed/prompts_1k/0803_sharegpt_000446.txt	short	48
804	sharegpt_000915	eam-workload/processed/prompts_1k/0804_sharegpt_000915.txt	medium	827
805	sharegpt_001390	eam-workload/processed/prompts_1k/0805_sharegpt_001390.txt	medium	472
806	sharegpt_000025	eam-workload/processed/prompts_1k/0806_sharegpt_000025.txt	short	51
807	sharegpt_001131	eam-workload/processed/prompts_1k/0807_sharegpt_001131.txt	short	61
808	sharegpt_001473	eam-workload/processed/prompts_1k/0808_sharegpt_001473.txt	short	141
809	sharegpt_000299	eam-workload/processed/prompts_1k/0809_sharegpt_000299.txt	long	2524
810	sharegpt_000267	eam-workload/processed/prompts_1k/0810_sharegpt_000267.txt	medium	904
811	sharegpt_000550	eam-workload/processed/prompts_1k/0811_sharegpt_000550.txt	medium	425
812	sharegpt_001174	eam-workload/processed/prompts_1k/0812_sharegpt_001174.txt	short	54
813	sharegpt_001694	eam-workload/processed/prompts_1k/0813_sharegpt_001694.txt	medium	380
814	sharegpt_001601	eam-workload/processed/prompts_1k/0814_sharegpt_001601.txt	short	42
815	sharegpt_001279	eam-workload/processed/prompts_1k/0815_sharegpt_001279.txt	long	3687
816	sharegpt_000618	eam-workload/processed/prompts_1k/0816_sharegpt_000618.txt	medium	550
817	sharegpt_001338	eam-workload/processed/prompts_1k/0817_sharegpt_001338.txt	short	121
818	sharegpt_001140	eam-workload/processed/prompts_1k/0818_sharegpt_001140.txt	medium	405
819	sharegpt_000470	eam-workload/processed/prompts_1k/0819_sharegpt_000470.txt	short	50
820	sharegpt_001107	eam-workload/processed/prompts_1k/0820_sharegpt_001107.txt	short	59
821	sharegpt_001904	eam-workload/processed/prompts_1k/0821_sharegpt_001904.txt	short	83
822	sharegpt_000759	eam-workload/processed/prompts_1k/0822_sharegpt_000759.txt	long	1719
823	sharegpt_000980	eam-workload/processed/prompts_1k/0823_sharegpt_000980.txt	medium	291
824	sharegpt_000775	eam-workload/processed/prompts_1k/0824_sharegpt_000775.txt	short	36
825	sharegpt_001616	eam-workload/processed/prompts_1k/0825_sharegpt_001616.txt	medium	283
826	sharegpt_000216	eam-workload/processed/prompts_1k/0826_sharegpt_000216.txt	medium	743
827	sharegpt_000226	eam-workload/processed/prompts_1k/0827_sharegpt_000226.txt	medium	224
828	sharegpt_000261	eam-workload/processed/prompts_1k/0828_sharegpt_000261.txt	medium	857
829	sharegpt_001349	eam-workload/processed/prompts_1k/0829_sharegpt_001349.txt	medium	449
830	sharegpt_001873	eam-workload/processed/prompts_1k/0830_sharegpt_001873.txt	long	2548
831	sharegpt_001766	eam-workload/processed/prompts_1k/0831_sharegpt_001766.txt	short	35
832	sharegpt_000876	eam-workload/processed/prompts_1k/0832_sharegpt_000876.txt	long	1327
833	sharegpt_001857	eam-workload/processed/prompts_1k/0833_sharegpt_001857.txt	long	2841
834	sharegpt_001283	eam-workload/processed/prompts_1k/0834_sharegpt_001283.txt	long	1073
835	sharegpt_001608	eam-workload/processed/prompts_1k/0835_sharegpt_001608.txt	medium	563
836	sharegpt_001254	eam-workload/processed/prompts_1k/0836_sharegpt_001254.txt	long	1279
837	sharegpt_001092	eam-workload/processed/prompts_1k/0837_sharegpt_001092.txt	medium	640
838	sharegpt_001534	eam-workload/processed/prompts_1k/0838_sharegpt_001534.txt	short	37
839	sharegpt_000177	eam-workload/processed/prompts_1k/0839_sharegpt_000177.txt	medium	416
840	sharegpt_000106	eam-workload/processed/prompts_1k/0840_sharegpt_000106.txt	short	74
841	sharegpt_000294	eam-workload/processed/prompts_1k/0841_sharegpt_000294.txt	short	51
842	sharegpt_001746	eam-workload/processed/prompts_1k/0842_sharegpt_001746.txt	short	65
843	sharegpt_000429	eam-workload/processed/prompts_1k/0843_sharegpt_000429.txt	medium	486
844	sharegpt_000671	eam-workload/processed/prompts_1k/0844_sharegpt_000671.txt	long	1853
845	sharegpt_000907	eam-workload/processed/prompts_1k/0845_sharegpt_000907.txt	short	24
846	sharegpt_000140	eam-workload/processed/prompts_1k/0846_sharegpt_000140.txt	short	133
847	sharegpt_000491	eam-workload/processed/prompts_1k/0847_sharegpt_000491.txt	short	20
848	sharegpt_000745	eam-workload/processed/prompts_1k/0848_sharegpt_000745.txt	long	3774
849	sharegpt_000000	eam-workload/processed/prompts_1k/0849_sharegpt_000000.txt	long	1517
850	sharegpt_001870	eam-workload/processed/prompts_1k/0850_sharegpt_001870.txt	medium	205
851	sharegpt_000966	eam-workload/processed/prompts_1k/0851_sharegpt_000966.txt	short	60
852	sharegpt_001036	eam-workload/processed/prompts_1k/0852_sharegpt_001036.txt	medium	492
853	sharegpt_001116	eam-workload/processed/prompts_1k/0853_sharegpt_001116.txt	medium	744
854	sharegpt_000143	eam-workload/processed/prompts_1k/0854_sharegpt_000143.txt	short	76
855	sharegpt_001889	eam-workload/processed/prompts_1k/0855_sharegpt_001889.txt	medium	512
856	sharegpt_001150	eam-workload/processed/prompts_1k/0856_sharegpt_001150.txt	medium	447
857	sharegpt_001509	eam-workload/processed/prompts_1k/0857_sharegpt_001509.txt	short	37
858	sharegpt_001891	eam-workload/processed/prompts_1k/0858_sharegpt_001891.txt	medium	235
859	sharegpt_001113	eam-workload/processed/prompts_1k/0859_sharegpt_001113.txt	short	146
860	sharegpt_001546	eam-workload/processed/prompts_1k/0860_sharegpt_001546.txt	medium	418
861	sharegpt_001587	eam-workload/processed/prompts_1k/0861_sharegpt_001587.txt	short	28
862	sharegpt_000011	eam-workload/processed/prompts_1k/0862_sharegpt_000011.txt	short	118
863	sharegpt_001144	eam-workload/processed/prompts_1k/0863_sharegpt_001144.txt	short	192
864	sharegpt_001210	eam-workload/processed/prompts_1k/0864_sharegpt_001210.txt	short	41
865	sharegpt_000547	eam-workload/processed/prompts_1k/0865_sharegpt_000547.txt	long	2724
866	sharegpt_001170	eam-workload/processed/prompts_1k/0866_sharegpt_001170.txt	medium	638
867	sharegpt_001722	eam-workload/processed/prompts_1k/0867_sharegpt_001722.txt	medium	310
868	sharegpt_000521	eam-workload/processed/prompts_1k/0868_sharegpt_000521.txt	short	76
869	sharegpt_001372	eam-workload/processed/prompts_1k/0869_sharegpt_001372.txt	medium	245
870	sharegpt_000927	eam-workload/processed/prompts_1k/0870_sharegpt_000927.txt	short	23
871	sharegpt_000638	eam-workload/processed/prompts_1k/0871_sharegpt_000638.txt	short	26
872	sharegpt_000952	eam-workload/processed/prompts_1k/0872_sharegpt_000952.txt	short	22
873	sharegpt_001432	eam-workload/processed/prompts_1k/0873_sharegpt_001432.txt	short	32
874	sharegpt_000008	eam-workload/processed/prompts_1k/0874_sharegpt_000008.txt	medium	345
875	sharegpt_001151	eam-workload/processed/prompts_1k/0875_sharegpt_001151.txt	medium	404
876	sharegpt_000836	eam-workload/processed/prompts_1k/0876_sharegpt_000836.txt	medium	637
877	sharegpt_000710	eam-workload/processed/prompts_1k/0877_sharegpt_000710.txt	medium	448
878	sharegpt_001584	eam-workload/processed/prompts_1k/0878_sharegpt_001584.txt	medium	243
879	sharegpt_000345	eam-workload/processed/prompts_1k/0879_sharegpt_000345.txt	medium	231
880	sharegpt_000391	eam-workload/processed/prompts_1k/0880_sharegpt_000391.txt	short	52
881	sharegpt_001084	eam-workload/processed/prompts_1k/0881_sharegpt_001084.txt	short	76
882	sharegpt_001104	eam-workload/processed/prompts_1k/0882_sharegpt_001104.txt	short	73
883	sharegpt_000340	eam-workload/processed/prompts_1k/0883_sharegpt_000340.txt	short	48
884	sharegpt_000784	eam-workload/processed/prompts_1k/0884_sharegpt_000784.txt	short	162
885	sharegpt_001122	eam-workload/processed/prompts_1k/0885_sharegpt_001122.txt	medium	498
886	sharegpt_001369	eam-workload/processed/prompts_1k/0886_sharegpt_001369.txt	short	97
887	sharegpt_001557	eam-workload/processed/prompts_1k/0887_sharegpt_001557.txt	medium	314
888	sharegpt_001732	eam-workload/processed/prompts_1k/0888_sharegpt_001732.txt	short	22
889	sharegpt_000128	eam-workload/processed/prompts_1k/0889_sharegpt_000128.txt	short	110
890	sharegpt_000729	eam-workload/processed/prompts_1k/0890_sharegpt_000729.txt	short	138
891	sharegpt_000205	eam-workload/processed/prompts_1k/0891_sharegpt_000205.txt	short	187
892	sharegpt_000945	eam-workload/processed/prompts_1k/0892_sharegpt_000945.txt	short	89
893	sharegpt_000719	eam-workload/processed/prompts_1k/0893_sharegpt_000719.txt	short	23
894	sharegpt_000597	eam-workload/processed/prompts_1k/0894_sharegpt_000597.txt	long	2625
895	sharegpt_001412	eam-workload/processed/prompts_1k/0895_sharegpt_001412.txt	long	1711
896	sharegpt_000882	eam-workload/processed/prompts_1k/0896_sharegpt_000882.txt	long	1357
897	sharegpt_000129	eam-workload/processed/prompts_1k/0897_sharegpt_000129.txt	long	1726
898	sharegpt_000358	eam-workload/processed/prompts_1k/0898_sharegpt_000358.txt	long	3536
899	sharegpt_000878	eam-workload/processed/prompts_1k/0899_sharegpt_000878.txt	medium	208
900	sharegpt_000078	eam-workload/processed/prompts_1k/0900_sharegpt_000078.txt	long	2099
901	sharegpt_000789	eam-workload/processed/prompts_1k/0901_sharegpt_000789.txt	short	59
902	sharegpt_001575	eam-workload/processed/prompts_1k/0902_sharegpt_001575.txt	short	122
903	sharegpt_001634	eam-workload/processed/prompts_1k/0903_sharegpt_001634.txt	short	197
904	sharegpt_000282	eam-workload/processed/prompts_1k/0904_sharegpt_000282.txt	short	99
905	sharegpt_001610	eam-workload/processed/prompts_1k/0905_sharegpt_001610.txt	medium	816
906	sharegpt_001061	eam-workload/processed/prompts_1k/0906_sharegpt_001061.txt	short	104
907	sharegpt_001316	eam-workload/processed/prompts_1k/0907_sharegpt_001316.txt	long	2937
908	sharegpt_000908	eam-workload/processed/prompts_1k/0908_sharegpt_000908.txt	short	94
909	sharegpt_001763	eam-workload/processed/prompts_1k/0909_sharegpt_001763.txt	medium	212
910	sharegpt_000108	eam-workload/processed/prompts_1k/0910_sharegpt_000108.txt	medium	268
911	sharegpt_001257	eam-workload/processed/prompts_1k/0911_sharegpt_001257.txt	short	60
912	sharegpt_000121	eam-workload/processed/prompts_1k/0912_sharegpt_000121.txt	short	39
913	sharegpt_000338	eam-workload/processed/prompts_1k/0913_sharegpt_000338.txt	medium	623
914	sharegpt_000503	eam-workload/processed/prompts_1k/0914_sharegpt_000503.txt	medium	764
915	sharegpt_000581	eam-workload/processed/prompts_1k/0915_sharegpt_000581.txt	medium	249
916	sharegpt_001568	eam-workload/processed/prompts_1k/0916_sharegpt_001568.txt	short	77
917	sharegpt_000244	eam-workload/processed/prompts_1k/0917_sharegpt_000244.txt	medium	259
918	sharegpt_000622	eam-workload/processed/prompts_1k/0918_sharegpt_000622.txt	short	57
919	sharegpt_001028	eam-workload/processed/prompts_1k/0919_sharegpt_001028.txt	medium	391
920	sharegpt_001966	eam-workload/processed/prompts_1k/0920_sharegpt_001966.txt	short	38
921	sharegpt_000313	eam-workload/processed/prompts_1k/0921_sharegpt_000313.txt	short	48
922	sharegpt_000160	eam-workload/processed/prompts_1k/0922_sharegpt_000160.txt	medium	406
923	sharegpt_001979	eam-workload/processed/prompts_1k/0923_sharegpt_001979.txt	medium	382
924	sharegpt_001449	eam-workload/processed/prompts_1k/0924_sharegpt_001449.txt	long	1660
925	sharegpt_001926	eam-workload/processed/prompts_1k/0925_sharegpt_001926.txt	short	105
926	sharegpt_000936	eam-workload/processed/prompts_1k/0926_sharegpt_000936.txt	medium	251
927	sharegpt_001248	eam-workload/processed/prompts_1k/0927_sharegpt_001248.txt	short	111
928	sharegpt_000265	eam-workload/processed/prompts_1k/0928_sharegpt_000265.txt	short	43
929	sharegpt_001725	eam-workload/processed/prompts_1k/0929_sharegpt_001725.txt	medium	463
930	sharegpt_000074	eam-workload/processed/prompts_1k/0930_sharegpt_000074.txt	medium	494
931	sharegpt_000281	eam-workload/processed/prompts_1k/0931_sharegpt_000281.txt	medium	237
932	sharegpt_000135	eam-workload/processed/prompts_1k/0932_sharegpt_000135.txt	medium	274
933	sharegpt_000888	eam-workload/processed/prompts_1k/0933_sharegpt_000888.txt	medium	792
934	sharegpt_000534	eam-workload/processed/prompts_1k/0934_sharegpt_000534.txt	medium	243
935	sharegpt_001923	eam-workload/processed/prompts_1k/0935_sharegpt_001923.txt	short	116
936	sharegpt_001818	eam-workload/processed/prompts_1k/0936_sharegpt_001818.txt	short	87
937	sharegpt_000460	eam-workload/processed/prompts_1k/0937_sharegpt_000460.txt	long	3413
938	sharegpt_000318	eam-workload/processed/prompts_1k/0938_sharegpt_000318.txt	short	35
939	sharegpt_000763	eam-workload/processed/prompts_1k/0939_sharegpt_000763.txt	medium	495
940	sharegpt_000566	eam-workload/processed/prompts_1k/0940_sharegpt_000566.txt	short	26
941	sharegpt_000807	eam-workload/processed/prompts_1k/0941_sharegpt_000807.txt	short	99
942	sharegpt_001660	eam-workload/processed/prompts_1k/0942_sharegpt_001660.txt	short	61
943	sharegpt_000856	eam-workload/processed/prompts_1k/0943_sharegpt_000856.txt	medium	226
944	sharegpt_001678	eam-workload/processed/prompts_1k/0944_sharegpt_001678.txt	medium	300
945	sharegpt_000405	eam-workload/processed/prompts_1k/0945_sharegpt_000405.txt	short	67
946	sharegpt_000592	eam-workload/processed/prompts_1k/0946_sharegpt_000592.txt	medium	321
947	sharegpt_001750	eam-workload/processed/prompts_1k/0947_sharegpt_001750.txt	medium	471
948	sharegpt_000114	eam-workload/processed/prompts_1k/0948_sharegpt_000114.txt	long	2677
949	sharegpt_001417	eam-workload/processed/prompts_1k/0949_sharegpt_001417.txt	short	137
950	sharegpt_000162	eam-workload/processed/prompts_1k/0950_sharegpt_000162.txt	medium	332
951	sharegpt_001379	eam-workload/processed/prompts_1k/0951_sharegpt_001379.txt	medium	611
952	sharegpt_001849	eam-workload/processed/prompts_1k/0952_sharegpt_001849.txt	short	165
953	sharegpt_001375	eam-workload/processed/prompts_1k/0953_sharegpt_001375.txt	short	31
954	sharegpt_001242	eam-workload/processed/prompts_1k/0954_sharegpt_001242.txt	medium	314
955	sharegpt_000965	eam-workload/processed/prompts_1k/0955_sharegpt_000965.txt	long	1307
956	sharegpt_000215	eam-workload/processed/prompts_1k/0956_sharegpt_000215.txt	medium	932
957	sharegpt_001821	eam-workload/processed/prompts_1k/0957_sharegpt_001821.txt	short	77
958	sharegpt_001120	eam-workload/processed/prompts_1k/0958_sharegpt_001120.txt	long	2235
959	sharegpt_001512	eam-workload/processed/prompts_1k/0959_sharegpt_001512.txt	long	2882
960	sharegpt_000445	eam-workload/processed/prompts_1k/0960_sharegpt_000445.txt	long	1723
961	sharegpt_000874	eam-workload/processed/prompts_1k/0961_sharegpt_000874.txt	short	37
962	sharegpt_000130	eam-workload/processed/prompts_1k/0962_sharegpt_000130.txt	long	1361
963	sharegpt_000608	eam-workload/processed/prompts_1k/0963_sharegpt_000608.txt	short	22
964	sharegpt_001192	eam-workload/processed/prompts_1k/0964_sharegpt_001192.txt	short	155
965	sharegpt_000562	eam-workload/processed/prompts_1k/0965_sharegpt_000562.txt	short	52
966	sharegpt_000704	eam-workload/processed/prompts_1k/0966_sharegpt_000704.txt	long	1040
967	sharegpt_001670	eam-workload/processed/prompts_1k/0967_sharegpt_001670.txt	medium	436
968	sharegpt_000884	eam-workload/processed/prompts_1k/0968_sharegpt_000884.txt	long	1655
969	sharegpt_000453	eam-workload/processed/prompts_1k/0969_sharegpt_000453.txt	medium	470
970	sharegpt_001674	eam-workload/processed/prompts_1k/0970_sharegpt_001674.txt	long	3277
971	sharegpt_001138	eam-workload/processed/prompts_1k/0971_sharegpt_001138.txt	medium	236
972	sharegpt_000003	eam-workload/processed/prompts_1k/0972_sharegpt_000003.txt	short	191
973	sharegpt_001342	eam-workload/processed/prompts_1k/0973_sharegpt_001342.txt	medium	395
974	sharegpt_000925	eam-workload/processed/prompts_1k/0974_sharegpt_000925.txt	short	76
975	sharegpt_000021	eam-workload/processed/prompts_1k/0975_sharegpt_000021.txt	short	82
976	sharegpt_000085	eam-workload/processed/prompts_1k/0976_sharegpt_000085.txt	short	24
977	sharegpt_001398	eam-workload/processed/prompts_1k/0977_sharegpt_001398.txt	long	1389
978	sharegpt_000991	eam-workload/processed/prompts_1k/0978_sharegpt_000991.txt	long	2349
979	sharegpt_000755	eam-workload/processed/prompts_1k/0979_sharegpt_000755.txt	short	30
980	sharegpt_001856	eam-workload/processed/prompts_1k/0980_sharegpt_001856.txt	short	98
981	sharegpt_001831	eam-workload/processed/prompts_1k/0981_sharegpt_001831.txt	medium	406
982	sharegpt_000419	eam-workload/processed/prompts_1k/0982_sharegpt_000419.txt	medium	447
983	sharegpt_001508	eam-workload/processed/prompts_1k/0983_sharegpt_001508.txt	medium	591
984	sharegpt_000136	eam-workload/processed/prompts_1k/0984_sharegpt_000136.txt	long	1836
985	sharegpt_000112	eam-workload/processed/prompts_1k/0985_sharegpt_000112.txt	short	44
986	sharegpt_000433	eam-workload/processed/prompts_1k/0986_sharegpt_000433.txt	long	1195
987	sharegpt_000875	eam-workload/processed/prompts_1k/0987_sharegpt_000875.txt	medium	204
988	sharegpt_000030	eam-workload/processed/prompts_1k/0988_sharegpt_000030.txt	short	100
989	sharegpt_001613	eam-workload/processed/prompts_1k/0989_sharegpt_001613.txt	long	1489
990	sharegpt_000740	eam-workload/processed/prompts_1k/0990_sharegpt_000740.txt	short	82
991	sharegpt_001832	eam-workload/processed/prompts_1k/0991_sharegpt_001832.txt	short	36
992	sharegpt_001547	eam-workload/processed/prompts_1k/0992_sharegpt_001547.txt	medium	397
993	sharegpt_000079	eam-workload/processed/prompts_1k/0993_sharegpt_000079.txt	medium	292
994	sharegpt_001563	eam-workload/processed/prompts_1k/0994_sharegpt_001563.txt	long	2835
995	sharegpt_001715	eam-workload/processed/prompts_1k/0995_sharegpt_001715.txt	medium	805
996	sharegpt_001396	eam-workload/processed/prompts_1k/0996_sharegpt_001396.txt	long	1148
997	sharegpt_000510	eam-workload/processed/prompts_1k/0997_sharegpt_000510.txt	long	1100
998	sharegpt_001478	eam-workload/processed/prompts_1k/0998_sharegpt_001478.txt	short	77
999	sharegpt_001229	eam-workload/processed/prompts_1k/0999_sharegpt_001229.txt	short	90
